,train_loss,test_loss
0,-1.3962305991781023,-1.3963198660124603
1,-1.1485805982608057,-1.1486693432986967
2,-0.9816993606443091,-0.981897303738112
3,-0.8636996518859617,-0.8638053912854439
4,-0.7683349806450429,-0.7685228692431314
5,-0.6960135438834667,-0.6965796405809704
6,-0.637185539278638,-0.6377286786720676
7,-0.5887139846444559,-0.5899535229861967
8,-0.5462945232809863,-0.5478270968403267
9,-0.5093199048763484,-0.5119061337343696
10,-0.47762369743890803,-0.4805819198001057
11,-0.4522898301625449,-0.4551713868907406
12,-0.4266443400510017,-0.43095150175292796
13,-0.40800223705694577,-0.4128514283473494
14,-0.38885192311220373,-0.3941748855230715
15,-0.3710897654931386,-0.3780639691435144
16,-0.35707685683752843,-0.3643467746262989
17,-0.3449275221068467,-0.3522543320986703
18,-0.3328177457896089,-0.3411353132429993
19,-0.3208889635466354,-0.32991006870679596
20,-0.31161128297681073,-0.3208594515358071
21,-0.30387961973471783,-0.31327514003472834
22,-0.2950339571714244,-0.30477035646079165
23,-0.287974270978572,-0.2982388637820866
24,-0.2818477620257577,-0.2928492165485206
25,-0.2764620273629559,-0.2878578994928342
26,-0.26983031733873925,-0.2817736038148886
27,-0.26451684844426504,-0.2768028181344113
28,-0.2579419248092023,-0.27052784940229835
29,-0.25352006815513317,-0.26652139339198444
30,-0.2483746078557276,-0.26193403920559616
31,-0.2431584010603948,-0.2567726664662403
32,-0.2391917098178249,-0.25311446987688224
33,-0.2345293351434652,-0.24855239830541123
34,-0.23081064362111983,-0.2451040517196306
35,-0.22717922426524548,-0.24175371826429862
36,-0.223770406981544,-0.23864958932089864
37,-0.22057407284251854,-0.23553230309830706
38,-0.216271178083951,-0.23181793008651813
39,-0.21348812903610478,-0.22929579575912512
40,-0.21007488293002863,-0.226181648364576
41,-0.20757191031591693,-0.22388344576930697
42,-0.2056918250532032,-0.22223313168011405
43,-0.2028859439210758,-0.21975504843942628
44,-0.2004171119376972,-0.21753544553815163
45,-0.19760158485910326,-0.21476469883073926
46,-0.1953982385613121,-0.2129725785102589
47,-0.19269390502311587,-0.2107995205590657
48,-0.18998812387631173,-0.20855893480731552
49,-0.18799698840078521,-0.2068045234209889
50,-0.1855741789049314,-0.20454832952431534
51,-0.18348282878201366,-0.20279166076165683
52,-0.18136997952135467,-0.20065942907383763
53,-0.17983216053148163,-0.1993536766081807
54,-0.17839022769593454,-0.19818519412232521
55,-0.17646271533536362,-0.1966287868885391
56,-0.17487708226315404,-0.19546314224721512
57,-0.17323295720352977,-0.19384950514870994
58,-0.17180312121615177,-0.19263338127284035
59,-0.17071993732571367,-0.19170480414400978
60,-0.16968526982277832,-0.19082322344052705
61,-0.1681967411893667,-0.18948479276511315
62,-0.16682837840317016,-0.18843941253522367
63,-0.16530165296837163,-0.18716893963681094
64,-0.1640121346866515,-0.18615094890641512
65,-0.1623766666131577,-0.18496711626150272
66,-0.16152467011723048,-0.18421626989587003
67,-0.1603006525418287,-0.18333634460169734
68,-0.15939454988258606,-0.18259480722608093
69,-0.1577367943696338,-0.18115548257804245
70,-0.15613313068723858,-0.17967521342310783
71,-0.15537530041461803,-0.17911328795763254
72,-0.15452766107727306,-0.1784511349830211
73,-0.15337464798745137,-0.1774871922916575
74,-0.1520929123935936,-0.17630983079222987
75,-0.1508932891731489,-0.1752412533331774
76,-0.149845206208263,-0.17446959610764684
77,-0.1489902428313275,-0.1737721098187357
78,-0.1482966949805533,-0.17333651143255768
79,-0.14735904591986498,-0.17269537355665507
80,-0.14670214693256037,-0.17218757137608973
81,-0.14602607071439055,-0.17148544134158153
82,-0.14527620945549277,-0.1709078324853051
83,-0.14455699163425553,-0.17032281728477788
84,-0.14355252325346737,-0.1694837827504458
85,-0.1426957826144786,-0.16895634139579296
86,-0.14186356532527336,-0.1684542579019351
87,-0.14104774471178544,-0.16777316446495796
88,-0.14025449819292582,-0.16718892322203022
89,-0.13972739666654435,-0.1666731449784255
90,-0.13894028456832025,-0.16602361181245046
91,-0.13815833226315402,-0.16546060065645363
92,-0.13766198883650108,-0.16518170718535355
93,-0.13708617026399794,-0.16479171855049093
94,-0.13637204057202612,-0.1643156808797387
95,-0.13571621654160856,-0.16394055868043325
96,-0.13513035070540105,-0.163635769877983
97,-0.13449608314375872,-0.1632080723089666
98,-0.13379999839473106,-0.1626193163133751
99,-0.13331261294213692,-0.1622808818541685
100,-0.13265253208244662,-0.16194019001863003
101,-0.13219553207786014,-0.1615444611982377
102,-0.13150262920121816,-0.16107649633522478
103,-0.13094253366478315,-0.16070609312739412
104,-0.13028094786545094,-0.1602485766919745
105,-0.12990555858773023,-0.15994724919989983
106,-0.12944286847802158,-0.15974822385330442
107,-0.12875188619101782,-0.15921354814497843
108,-0.1283168583052029,-0.15890011681600036
109,-0.12777499403757248,-0.15851798600065495
110,-0.12742796928891173,-0.15835135937912778
111,-0.12711375222444413,-0.1581484212468904
112,-0.12660000882897923,-0.15781286762985977
113,-0.12618179326887796,-0.1573463969349903
114,-0.12540328082575034,-0.15682191166839116
115,-0.12487594997523299,-0.1564646119926966
116,-0.12444783047901226,-0.1561988005549104
117,-0.12392138825952154,-0.15585501288897388
118,-0.12335217708868423,-0.15552328606229637
119,-0.12295573298873559,-0.1552943343551867
120,-0.12238516020584135,-0.15495269657147104
121,-0.122055549758751,-0.15469623712134553
122,-0.12159906573347032,-0.15443518767267855
123,-0.12095862075291701,-0.15405253013618903
124,-0.1204692573796507,-0.15383654221887108
125,-0.11992527903014237,-0.1535455126626343
126,-0.1194161364501541,-0.15324369069764882
127,-0.11875814100682469,-0.15283564305213104
128,-0.1185121622055478,-0.15272376318135789
129,-0.1179192661512989,-0.15240109810824123
130,-0.11748089873275483,-0.1521712542000099
131,-0.11703424697980112,-0.1518438808848296
132,-0.11644673287636677,-0.1514776269496852
133,-0.11603243015933441,-0.15130573311671694
134,-0.11562078616900272,-0.151098097491827
135,-0.11514171371633522,-0.15089168729980296
136,-0.11483173198200264,-0.1507808286230847
137,-0.11444960630778968,-0.15047670628412294
138,-0.1141144634159206,-0.15023436081077735
139,-0.11372131585042562,-0.15008153643310804
140,-0.11318408823016805,-0.1497371360507386
141,-0.11304152028142658,-0.14968992463716868
142,-0.11260184858185954,-0.14951411801855846
143,-0.11219076356910912,-0.14931615686366237
144,-0.1119167570585969,-0.14912797767287117
145,-0.11142795982929111,-0.14890653980412338
146,-0.11106195134200485,-0.14864364145674644
147,-0.11080308739084171,-0.1485749634692013
148,-0.11036170292663462,-0.14829534978755723
149,-0.10978910205841344,-0.14786196578006672
150,-0.10940890414021795,-0.14768128967822627
151,-0.10898668257411756,-0.14743468743808338
152,-0.10875077253568284,-0.14731556246422595
153,-0.10852529674543186,-0.14718185053950003
154,-0.10797115647015117,-0.14693248570070339
155,-0.10777274092793718,-0.14683828861119672
156,-0.10743577060936009,-0.14664697059236306
157,-0.10722900623532325,-0.14646586451407845
158,-0.10707664184615102,-0.14633618361851664
159,-0.10685460591793865,-0.1462077066569985
160,-0.10645006380944082,-0.1460304058702448
161,-0.10623234204153519,-0.14587794697255305
162,-0.10596696385163645,-0.14568281291277738
163,-0.10562297048139722,-0.1455108760821647
164,-0.10532434029179204,-0.1453947824422387
165,-0.10492361786343289,-0.14520876388307943
166,-0.10462885035224187,-0.14502215410630945
167,-0.10442506002559257,-0.14488448639829715
168,-0.10437195715537169,-0.14485320561198375
169,-0.1040638601787811,-0.1447443893233753
170,-0.10373991833767521,-0.1445138467034222
171,-0.1032587604686468,-0.1443110698123514
172,-0.10308320567623101,-0.14421741019339995
173,-0.10285269192136934,-0.1441721659220621
174,-0.10262730212766934,-0.14408293506048564
175,-0.10220037225040361,-0.14387381601686333
176,-0.10188502289801497,-0.14372981690571063
177,-0.10159942118588097,-0.14356283555361704
178,-0.10139879839885889,-0.14339341408520276
179,-0.10114674967435973,-0.14335707032625924
180,-0.10079204973352536,-0.14319872075128237
181,-0.10052481545140163,-0.14302872956407955
182,-0.10023333014190577,-0.14287274485954563
183,-0.09987996314761136,-0.1427503843129458
184,-0.09953947413682396,-0.14259629150476621
185,-0.09902560174653262,-0.14232605130960505
186,-0.09867485764704263,-0.14223569175986261
187,-0.09845639057569532,-0.1421187919141038
188,-0.09826790763511778,-0.14204229910468585
189,-0.09796471962831144,-0.1418976227806336
190,-0.09776492097490276,-0.14181374512578704
191,-0.09746917883613415,-0.1417453573723417
192,-0.0970543171415205,-0.1415685295596766
193,-0.09686334746734425,-0.14147453670898094
194,-0.09668248238790636,-0.14136402201341802
195,-0.09655112982268658,-0.14129895582800392
196,-0.09625022789086006,-0.14118615150787578
197,-0.09596218244340281,-0.14108359137653004
198,-0.09590738114130036,-0.1410391748098472
199,-0.09576313625981507,-0.14095470593738993
200,-0.09538914442604755,-0.14077034278754072
201,-0.09513964693256036,-0.14064195182131142
202,-0.09487082171424378,-0.14054188555334185
203,-0.09474906493083585,-0.1404984149348362
204,-0.09438784358488662,-0.14020655767394438
205,-0.09406752793167976,-0.14009826810648005
206,-0.09363027846829823,-0.13996256754069986
207,-0.09346712151197989,-0.1399243426348131
208,-0.0931095263539297,-0.13972464007531812
209,-0.09289244239377706,-0.13965536012075114
210,-0.09252627624614736,-0.13951513405289603
211,-0.09236981985442504,-0.13941862584000198
212,-0.09210863399638586,-0.1392801841743902
213,-0.09190993179900198,-0.1391796126840987
214,-0.09160753209391281,-0.13916754109542862
215,-0.09149277686302928,-0.13907578412224264
216,-0.09125506806340354,-0.13900310735376672
217,-0.09093059591023336,-0.13887106158776197
218,-0.09081471555780803,-0.1388900235489499
219,-0.09057418320475893,-0.1387757680583227
220,-0.09041652286132311,-0.13870023194649303
221,-0.0901221065027152,-0.13861393567414804
222,-0.08992761096994936,-0.13854483845956983
223,-0.08962860812862332,-0.13840029112845081
224,-0.08942925379072797,-0.1383392129745564
225,-0.08923323898556175,-0.13822812856020497
226,-0.08896624119395317,-0.13811885004691904
227,-0.08888078928781096,-0.1381079501440593
228,-0.08872469838143025,-0.13806371631736528
229,-0.08863022400381596,-0.1380138712980748
230,-0.08848463184303222,-0.13793505661585836
231,-0.08831696723416746,-0.13785602694541982
232,-0.08801381505925736,-0.13761830371884906
233,-0.087775769439807,-0.13753165271593762
234,-0.08760601941458135,-0.13745554688531944
235,-0.08749323493799076,-0.13738657866367449
236,-0.08721414746459236,-0.13722513325829958
237,-0.08706910711501065,-0.13715790644125353
238,-0.08683418603691201,-0.13708988416778575
239,-0.08657014795993248,-0.1369132390951094
240,-0.08600430498734131,-0.13656808625396266
241,-0.08584116236378146,-0.13646963239765872
242,-0.08551783683129081,-0.13634457374887174
243,-0.08540457220729067,-0.13628107697747888
244,-0.08508996815834373,-0.13612691967283264
245,-0.084819050357287,-0.13602453153206454
246,-0.08448674535159977,-0.1358584423810926
247,-0.08415573746055625,-0.13572306429764552
248,-0.08407214164663902,-0.13571882902967045
249,-0.08392908638410876,-0.13561792430763472
250,-0.08378393853883834,-0.1355699389364653
251,-0.08368317924662434,-0.13553754021139705
252,-0.08357192837519263,-0.1354718505601389
253,-0.08342543325062377,-0.13540505371953704
254,-0.0831855602044654,-0.13532561557147654
255,-0.08309805871385852,-0.13529431328634092
256,-0.08293144039636384,-0.13523188070664738
257,-0.0827853609217913,-0.1351547536819743
258,-0.08252040554826814,-0.13507163923531612
259,-0.0824024827777574,-0.13503739161153797
260,-0.08212481424744991,-0.13490316371507904
261,-0.0819440494973215,-0.13486640072910247
262,-0.08180394678304102,-0.1348713132099771
263,-0.08148598170222719,-0.13475206999259753
264,-0.08122642977865635,-0.13462219560763583
265,-0.08114642432074191,-0.13460829661907803
266,-0.08091124525299039,-0.13457614513046517
267,-0.08077002458354737,-0.13453704952227896
268,-0.08059606789370367,-0.13444644273608114
269,-0.08045843758026344,-0.1343681655244199
270,-0.08011766191430615,-0.13424732064478578
271,-0.07993580070815293,-0.1341724617458557
272,-0.07963188889704263,-0.13406843969459978
273,-0.07922200066962648,-0.13400376048798543
274,-0.07899898294745726,-0.13395415195573926
275,-0.07875128421516107,-0.1338879678315703
276,-0.07865020243588097,-0.1339127022265212
277,-0.07852332169131136,-0.13389183761956786
278,-0.07827912731846702,-0.13381659174183802
279,-0.07799808342353416,-0.13369620908688137
280,-0.07770286443045057,-0.13357609516720237
281,-0.07758906949438614,-0.13350113952357234
282,-0.07748160963757614,-0.13345239094421452
283,-0.07728755842032362,-0.13341496149474946
284,-0.07712295385539737,-0.13332999814938137
285,-0.07694929815348206,-0.13321893523385214
286,-0.07684953498798341,-0.1331791839115886
287,-0.07676968719041241,-0.1331655751571306
288,-0.0765910078566449,-0.13312186805158066
289,-0.07641598337629339,-0.1330753338509103
290,-0.0762997733704227,-0.1330737859357113
291,-0.07617211149051516,-0.13301868445439086
292,-0.07604578972352682,-0.13300175413190163
293,-0.0759357714693256,-0.13294612592943708
294,-0.07566724007255815,-0.1328347405315747
295,-0.0754991168154216,-0.13274022095973495
296,-0.07536415956144052,-0.13271430412956256
297,-0.07508793147336171,-0.13263121118172663
298,-0.07475526098233287,-0.1325224593895848
299,-0.07452256148180084,-0.13242083445700512
300,-0.07436295904958905,-0.1324095045777012
301,-0.07404910747046305,-0.13225651895886537
302,-0.07389151162444045,-0.13221670314013517
303,-0.07354701660765392,-0.13213373918523247
304,-0.07339407890814192,-0.13205289286431732
305,-0.07326351464463932,-0.1319963294630867
306,-0.07308328737295443,-0.13189957401373723
307,-0.0730036187348646,-0.13185515744705442
308,-0.07290844921846334,-0.13180324854083195
309,-0.0728543932198026,-0.13178939254991853
310,-0.07268071601874954,-0.13168972401015983
311,-0.07259006848765319,-0.13162321740365776
312,-0.07251146047369193,-0.1315721254526792
313,-0.07239995161260733,-0.1315294502905953
314,-0.07214727224673442,-0.13146678122385744
315,-0.07193624387704557,-0.13138346253838828
316,-0.07170539330235928,-0.13127659189318971
317,-0.07152015673158069,-0.13118417920592637
318,-0.07130658429725911,-0.13107291205158617
319,-0.07114243838060468,-0.13097129786841757
320,-0.07094949078575621,-0.13086402949500814
321,-0.07080447910169149,-0.13081647410028288
322,-0.0706782074993579,-0.13076569388222636
323,-0.07057206625632935,-0.1307262112952404
324,-0.07045819249009319,-0.13068013931924755
325,-0.07039398173203934,-0.13062947734471314
326,-0.07028325400629265,-0.13058773738139529
327,-0.07022610213179717,-0.13058186820293238
328,-0.07019365993294563,-0.13056827019788547
329,-0.06997419673488295,-0.1304215514857234
330,-0.06992085020776767,-0.13042643171836474
331,-0.06976506028931533,-0.13034140387653004
332,-0.06961336953979233,-0.1303024587600993
333,-0.06953145782499817,-0.13023703784411875
334,-0.06941126331226609,-0.13022600894832578
335,-0.06925573138346665,-0.13016457606386492
336,-0.06916906119285242,-0.1301506878247182
337,-0.06907781168589931,-0.13011302188820886
338,-0.0689432414163976,-0.13008827674384688
339,-0.0688877306427497,-0.13005308317189151
340,-0.0687701661912013,-0.13004528984884092
341,-0.0686701665351875,-0.1300180185928694
342,-0.06839901224361562,-0.12994442812444962
343,-0.06829640402555588,-0.12989772193320162
344,-0.06819125174286343,-0.12987838374262503
345,-0.06807391661545094,-0.12984221197425921
346,-0.06796123963454906,-0.1298134572995553
347,-0.06774045782270492,-0.129795280045378
348,-0.06767324435174653,-0.1297741359537359
349,-0.06748221018015704,-0.1297107681752763
350,-0.06739592697402216,-0.12968171251706145
351,-0.06731845124798194,-0.12964096149956522
352,-0.067114410098059,-0.12950736781836145
353,-0.06693358085051736,-0.12944536521511205
354,-0.06675288776418141,-0.12938214792840788
355,-0.06669870993707346,-0.12938604996463873
356,-0.06645837824264328,-0.12929624938427373
357,-0.06633362591271007,-0.12929720608186202
358,-0.06626703591674617,-0.12926654876139265
359,-0.06623999000146767,-0.12924862949308186
360,-0.06613813425322888,-0.12918758358742075
361,-0.06603528237827475,-0.12914009268916213
362,-0.06590277602599619,-0.1290661474901759
363,-0.06581209982938284,-0.12901389460279808
364,-0.06574277227654657,-0.12895742794626738
365,-0.06548418064779482,-0.12877906296781438
366,-0.06537823289700595,-0.1287685822919877
367,-0.06530879784848095,-0.12874118204308296
368,-0.06522537402766566,-0.12872396148649393
369,-0.06504349848875395,-0.12871411502592242
370,-0.06501025365542673,-0.1286875854793171
371,-0.06483317959061055,-0.12869289568840261
372,-0.0646751179299369,-0.12861633838251804
373,-0.06454908998449768,-0.1286136725285642
374,-0.06439689758842738,-0.12855319634169163
375,-0.06423735965362883,-0.12847492987944148
376,-0.06411556703832465,-0.12842963186104814
377,-0.0640049969729214,-0.12840723008830685
378,-0.06374652000623762,-0.12839535198903662
379,-0.06362919204520437,-0.12835056994237629
380,-0.0635320732736479,-0.12831479590222128
381,-0.06341620725398106,-0.12828856733912689
382,-0.06337273599746826,-0.12830795927675898
383,-0.06326823585528729,-0.12826067261731133
384,-0.0629994679680047,-0.12814039745646574
385,-0.06292800483415278,-0.12812929331479503
386,-0.06282737453676525,-0.1281140721486714
387,-0.06272211475838409,-0.12804555540229284
388,-0.06253190472040801,-0.12800525586006295
389,-0.06243261453593968,-0.12800193429203174
390,-0.06232545566705805,-0.12799315202315956
391,-0.062124818547277465,-0.1279637523837894
392,-0.06203140479379174,-0.12796760067296473
393,-0.06199564456134879,-0.12795657177717176
394,-0.06190470320870331,-0.12795736723359347
395,-0.06173134132833712,-0.12785390415171496
396,-0.06159912879760769,-0.12784659455216404
397,-0.06150525639585015,-0.12780269395721425
398,-0.061473889153885665,-0.1278123791766192
399,-0.06141346224407426,-0.12778638710056908
400,-0.061283499956428414,-0.1277551600613112
401,-0.0612245636535004,-0.12772476072670835
402,-0.061138875256843035,-0.1277344781943466
403,-0.060946422142162615,-0.12763279951471138
404,-0.06091389394676011,-0.12764100131538395
405,-0.060815671552799586,-0.12758729725750703
406,-0.06076251135154473,-0.12756211138728976
407,-0.06066193838519116,-0.1275783644968794
408,-0.06049693250302708,-0.12748869290944764
409,-0.060337674057019154,-0.12742688379559813
410,-0.06023811155013943,-0.1273968284421506
411,-0.060174180280876205,-0.1273702451484898
412,-0.060094138991065534,-0.1273045124995872
413,-0.06001237777023556,-0.12728221822095698
414,-0.05983590568127614,-0.1272333728968992
415,-0.05963283199255155,-0.12714218564250176
416,-0.05958273900161444,-0.1271271257175447
417,-0.05952762954520437,-0.12714193840604637
418,-0.059405854845848316,-0.1271470981233764
419,-0.059296327488625525,-0.12712275070722526
420,-0.05916892359837088,-0.12707906510049755
421,-0.05910222610671828,-0.12708165570857366
422,-0.058946547267144274,-0.12709358755489938
423,-0.05890357765717876,-0.12709978996510654
424,-0.05876557469201769,-0.12705943667582115
425,-0.0587337201362644,-0.12707843088524237
426,-0.05858799539746459,-0.12705479293022412
427,-0.05850539929345234,-0.12701914788300236
428,-0.05845219609392199,-0.12698786709668897
429,-0.05834541704314045,-0.12695588759865378
430,-0.058196162862561455,-0.12687845959046978
431,-0.05800857930257944,-0.12680868516299204
432,-0.05794376656866882,-0.12681121127460154
433,-0.05785495363065972,-0.12676885859485074
434,-0.05768531110112277,-0.12673348228290662
435,-0.057455872303148164,-0.12670788793506738
436,-0.057387533710647975,-0.12667691888167598
437,-0.057164032257879575,-0.12659330996210705
438,-0.05698729501288802,-0.12651313010468035
439,-0.05686119540365634,-0.1264181913058075
440,-0.05666638455020364,-0.1263614129163548
441,-0.05657647873935936,-0.12634545004086495
442,-0.056464722638190724,-0.1263140510110294
443,-0.05642093964418067,-0.12630076473890453
444,-0.05637998378678359,-0.12629014432073354
445,-0.05632760113767704,-0.12630636518208987
446,-0.056246592386668015,-0.12627184882303408
447,-0.05619345368455089,-0.12623618227699013
448,-0.05610771154004917,-0.1262414172401979
449,-0.05605740714092427,-0.12622847494922837
450,-0.055987613773436924,-0.12620026849449079
451,-0.055942003352718865,-0.12619351786431732
452,-0.0558784913166416,-0.12614927328821218
453,-0.05566647040342702,-0.12606008542428013
454,-0.05549415123124129,-0.12600337153129404
455,-0.0554603330875743,-0.12601072412848935
456,-0.0551151572647593,-0.1259455396995531
457,-0.055052462195916196,-0.1259445722525537
458,-0.05488215319310927,-0.12587156225233356
459,-0.05477118181046819,-0.12580749576215217
460,-0.05469257737969656,-0.1257846102659112
461,-0.05461590428813202,-0.12573591543360887
462,-0.05453827090174837,-0.12574289180141554
463,-0.054428363726425476,-0.1257813854425799
464,-0.05424280466858076,-0.1257536412125198
465,-0.05415851729906619,-0.12570044237696482
466,-0.0540680919257265,-0.1256289802919437
467,-0.05397056825374257,-0.12562855031549952
468,-0.05390040223453438,-0.12557341658594576
469,-0.053816774171910546,-0.12555202525784828
470,-0.053758468510356275,-0.12552502273715438
471,-0.05367897186536839,-0.12548287429621455
472,-0.05355998130434982,-0.1254362863484887
473,-0.05344545898079181,-0.1253755736745718
474,-0.05333013402275813,-0.1253440349023919
475,-0.05325163350448558,-0.12529872613458745
476,-0.05309057271409701,-0.12526589743307504
477,-0.052993092040388566,-0.1252551910196152
478,-0.05288585434133522,-0.12524147477104614
479,-0.052830841631044984,-0.1252015084605605
480,-0.05279478041067366,-0.1252064961873129
481,-0.05267682897464592,-0.12520241141109326
482,-0.05254638653959052,-0.1251795796619078
483,-0.052478728753118806,-0.1251664653803606
484,-0.05242354046653702,-0.12516252034648534
485,-0.05239927868959602,-0.1251477614050392
486,-0.05234037821856425,-0.12512211331014442
487,-0.052307885855057974,-0.12512525213818687
488,-0.05212749017346078,-0.12508338318193576
489,-0.052090106756118366,-0.12505315583791057
490,-0.051994403344463196,-0.12496726804318752
491,-0.051811553177973875,-0.12494665067268955
492,-0.05171512954520437,-0.12490092267785202
493,-0.05166865199259742,-0.12489992298261932
494,-0.05158242611749651,-0.12486410594481992
495,-0.051438363978682025,-0.12488506729647322
496,-0.05139290763511778,-0.12489493525586694
497,-0.05123744737011081,-0.1248449074965877
498,-0.05115104591871835,-0.12479226763041014
499,-0.05111353708973912,-0.1247762940055092
500,-0.051067156283252,-0.12474255160405293
501,-0.051011570262622,-0.12474889375660443
502,-0.050983893705969764,-0.12473301687640344
503,-0.050831593814210756,-0.12477270370220038
504,-0.050776613352627134,-0.12475922394067564
505,-0.05070437266662692,-0.12475420396568994
506,-0.050645837680936744,-0.12475579487853337
507,-0.05048275238841088,-0.12468831007562081
508,-0.050433806018153296,-0.12466909012856639
509,-0.0503958457072815,-0.12466247924073727
510,-0.05030443853998496,-0.1246249745453945
511,-0.050235831208263006,-0.12458860928762878
512,-0.05017548312862332,-0.12459289830265939
513,-0.050050211236194686,-0.12463588519766533
514,-0.04990911239519887,-0.12463127370030161
515,-0.04987761257521832,-0.12462453381953922
516,-0.04979484089491451,-0.1246075604994056
517,-0.04974000017772621,-0.12457836509884643
518,-0.049653312071163865,-0.12452152221292709
519,-0.049529795941650766,-0.12446738817860602
520,-0.04947568261195604,-0.12441098601854196
521,-0.049387994795488735,-0.1243952058830409
522,-0.04932245109089491,-0.12435880837704187
523,-0.04916578687417443,-0.12436406483907185
524,-0.04902744708918874,-0.12434860718590393
525,-0.048934757140006974,-0.12430889886128478
526,-0.04883332062495414,-0.12427870376549291
527,-0.04877316603755412,-0.12422986919084625
528,-0.048726781647877374,-0.12419167653319281
529,-0.04864101083785866,-0.12421624968697714
530,-0.048464158930799146,-0.12419679325287844
531,-0.04838125467247927,-0.1242193885150196
532,-0.048318093788985106,-0.12419816917749978
533,-0.04826666068512879,-0.12418725852522895
534,-0.04818403233240992,-0.12415880483403598
535,-0.04815671051153042,-0.12414756095002091
536,-0.048079539356608206,-0.12412097765636007
537,-0.047985018397528806,-0.12410526201732565
538,-0.047943879797460925,-0.12410562749730318
539,-0.047846524535389304,-0.12409928534475168
540,-0.04781431882705291,-0.124099113354174
541,-0.047687434499293684,-0.12407177760173586
542,-0.04759641789966611,-0.12407602361912205
543,-0.04755939280128605,-0.12410095150347283
544,-0.04752260419342115,-0.12405627695092353
545,-0.04746321999179019,-0.1240148702193499
546,-0.04730593230007522,-0.12401635363808229
547,-0.047262891026317234,-0.12400483026937852
548,-0.047202546529867176,-0.12395073923270188
549,-0.047113239111690026,-0.12395252363494519
550,-0.047070935974994496,-0.12392207055328681
551,-0.04700949502251963,-0.12390890252468409
552,-0.0468434930136402,-0.1239013994357333
553,-0.04671286425272437,-0.12384721165435673
554,-0.046650602749825715,-0.1238236811934495
555,-0.0465251051164508,-0.12383132402474463
556,-0.04647998559271116,-0.12382131632300657
557,-0.046342896340904084,-0.12385548870090701
558,-0.0462805237591271,-0.12383304393052132
559,-0.046250116811981726,-0.12381582337393228
560,-0.04617550405445072,-0.1238037410358511
561,-0.04606875008599655,-0.12380318206647367
562,-0.04596468350976003,-0.12376934292031745
563,-0.04585599103571953,-0.12373720218111571
564,-0.04570737824608315,-0.12373382686602898
565,-0.045624104919232036,-0.12374105047029103
566,-0.04555972575126587,-0.12370066493277232
567,-0.04548055517653372,-0.12367955308936356
568,-0.04543169838601673,-0.12365298054511381
569,-0.045415523868056064,-0.12366539611493924
570,-0.04530939337459639,-0.12359309557585198
571,-0.0452710998270896,-0.12360146936710219
572,-0.045210468675469656,-0.12358207742947011
573,-0.04509977319842959,-0.1235623952577382
574,-0.04501575815132641,-0.12353444678886712
575,-0.04493530479470904,-0.12349468471719245
576,-0.04489365021533536,-0.12346952034579738
577,-0.04476476288457658,-0.12346388765437874
578,-0.04466328337124826,-0.1234307364705332
579,-0.044589974894740224,-0.12341747169723054
580,-0.04452579280220335,-0.12336720745090701
581,-0.04446956897382036,-0.12334588061927615
582,-0.044349621701172307,-0.12330502210766886
583,-0.04423307845866662,-0.12329118761557767
584,-0.044149837380522125,-0.12328559792180345
585,-0.04408344445998753,-0.12327733162466427
586,-0.04399540549093711,-0.123258229921132
587,-0.04397326496225325,-0.12327770785405293
588,-0.04385200624220298,-0.12324353547615248
589,-0.04373739433890438,-0.12317009549948815
590,-0.043697481189687755,-0.12317165416409827
591,-0.04364820516598481,-0.12314205028591714
592,-0.043607525214188744,-0.12311618720280028
593,-0.04354569011085529,-0.12312921548905864
594,-0.04350317198278234,-0.12312357204822891
595,-0.04345637194310927,-0.12312668937744915
596,-0.04332666406192669,-0.12312426001053958
597,-0.04325493218885301,-0.12314256625765015
598,-0.04319301825534784,-0.1231621516846821
599,-0.043116423993955016,-0.12312779656679289
600,-0.043045337095013576,-0.12315086480302263
601,-0.04299661288251266,-0.12310923233381582
602,-0.04294859455836758,-0.12313168785361263
603,-0.04284065813733764,-0.12313074190543545
604,-0.04278901720848316,-0.12313840623555279
605,-0.0427348680468922,-0.1231202934778421
606,-0.04267422256251376,-0.12313432145933317
607,-0.04264547821535371,-0.12316537650801339
608,-0.04255320749935789,-0.12318930469713148
609,-0.042499624481727456,-0.12318616586908902
610,-0.04240670162522015,-0.12319217478989632
611,-0.042322575499238645,-0.12311595071575598
612,-0.04221167936357966,-0.1230373080241172
613,-0.042091187446108826,-0.12298109935345303
614,-0.0420208780993157,-0.12297914296063205
615,-0.041956549096004256,-0.12296357781335307
616,-0.04192003281055075,-0.12297064017644857
617,-0.041823501682092534,-0.12294475559450951
618,-0.04176037663049461,-0.12293151232002907
619,-0.04172521837390842,-0.12293686552675898
620,-0.04168500781995303,-0.12295888032070051
621,-0.04166239431023886,-0.12294834589781833
622,-0.04160921977622551,-0.12289773767033947
623,-0.04156789126710758,-0.1228885039262009
624,-0.041511316286141485,-0.12289442685171935
625,-0.041471381637787116,-0.12286355454302791
626,-0.04144729902032729,-0.12287383098004359
627,-0.04138320292434138,-0.12285800784689811
628,-0.0413417597531555,-0.1228481398875044
629,-0.04127044711326778,-0.12287406746708789
630,-0.041209568721563804,-0.12285762086809836
631,-0.04118684054978168,-0.12284153974908639
632,-0.04116105591725068,-0.12283032811330465
633,-0.04109395352517062,-0.12284047555738706
634,-0.04102190633141007,-0.12285799709748702
635,-0.04099549464069494,-0.12287114362726752
636,-0.040902105969536584,-0.12282919942513869
637,-0.04078200103654509,-0.12278047234460307
638,-0.04069355716706722,-0.12277305525094113
639,-0.04057737582671351,-0.12276850825004403
640,-0.04050139070755669,-0.12273077781706807
641,-0.040473162339702426,-0.12273012210299071
642,-0.040442511735662656,-0.12272286625049533
643,-0.04036785956304579,-0.12273277720753346
644,-0.040328942540544505,-0.1227177495308097
645,-0.040279910173735965,-0.12269911005195491
646,-0.040248919166681954,-0.12268064256367779
647,-0.040164796623890074,-0.12265129667136315
648,-0.04004224078919608,-0.12265737008863706
649,-0.039967291211840464,-0.12263876285801559
650,-0.03988886235736039,-0.1226130932642986
651,-0.03981806927996808,-0.12259151919621235
652,-0.03977797338808065,-0.12257629803008872
653,-0.039742202406068836,-0.12260513870008145
654,-0.039688042494909,-0.12260134415796164
655,-0.03964516604787371,-0.12259630268415375
656,-0.039569499832593384,-0.1226052354447814
657,-0.039499552387952226,-0.12260736382818004
658,-0.039445546553946206,-0.1226319907290199
659,-0.03941238055079071,-0.12265184489132948
660,-0.03935746100343069,-0.1226473731363101
661,-0.03932419467096573,-0.1226481148456763
662,-0.039263137119780585,-0.12259369057725542
663,-0.03921724721027189,-0.12256936465992647
664,-0.039192985433330885,-0.12255952894876607
665,-0.03913823071269355,-0.12254490974966427
666,-0.03905663431858626,-0.12252273371455619
667,-0.03899387116914031,-0.12251027514708634
668,-0.03897226453571036,-0.12251832645600344
669,-0.03893871154807551,-0.12248702417086782
670,-0.03890180827814266,-0.12248345536638121
671,-0.0388544026794232,-0.12245615186217639
672,-0.03880381520831804,-0.12243665243043325
673,-0.03870256860231526,-0.12243589997165595
674,-0.03867241606163316,-0.1224402964807976
675,-0.03858684949342298,-0.12238593670884335
676,-0.03855384115061092,-0.12237314490962926
677,-0.03853060774909187,-0.12236724348293303
678,-0.03848719382361305,-0.12237061879801978
679,-0.03845185282435606,-0.12236495385836782
680,-0.038442407536508405,-0.12235767650705023
681,-0.038367952439320833,-0.12233959599757287
682,-0.038331532899987156,-0.12232589049841494
683,-0.03819278104819476,-0.12232188096807305
684,-0.038179673740551846,-0.1223134319309451
685,-0.03812646695783188,-0.12231043284524701
686,-0.03806352823209437,-0.1223005648858533
687,-0.038035149370275925,-0.12231170127575731
688,-0.03799187877238203,-0.12226384489752114
689,-0.037959067504999264,-0.12225978162012373
690,-0.037908057217518526,-0.12224588263156591
691,-0.03776676130109342,-0.12225108534654038
692,-0.03763460968458758,-0.12225273000643933
693,-0.037536190215197766,-0.12222347010941352
694,-0.0374650531516016,-0.12224677483268756
695,-0.03741031276372275,-0.12222171795540353
696,-0.03737670961143318,-0.1222244160575907
697,-0.03732228812743084,-0.1222491504525416
698,-0.03728814391350811,-0.1222082704421121
699,-0.03726173938917223,-0.12221415036998613
700,-0.03720698466853489,-0.12222788811737738
701,-0.037163112094784255,-0.12223430551580662
702,-0.037129770515337196,-0.12223027448664252
703,-0.03704398537255999,-0.1221971770498525
704,-0.03700828963753027,-0.12218165490021794
705,-0.03696198766121487,-0.12220282049068223
706,-0.03694066768295479,-0.12219573662876453
707,-0.0368418253971894,-0.12219089939376761
708,-0.036776242277509724,-0.12219267304659981
709,-0.03666324280954172,-0.12220706650806842
710,-0.0366034537074833,-0.12219179159488927
711,-0.036550418917865264,-0.12218394452478315
712,-0.03652202930647795,-0.1221954356452536
713,-0.03647230538407206,-0.12217659192758784
714,-0.036414684111735894,-0.12216384312601819
715,-0.03634314931409151,-0.12213674386062434
716,-0.036301265410581936,-0.12213070269158374
717,-0.03626129851352095,-0.12211935131345765
718,-0.03618131455474426,-0.12212762836000793
719,-0.03613306332327365,-0.1221232748485107
720,-0.03604086068788068,-0.1220980674794712
721,-0.03601019933427203,-0.12210053984402519
722,-0.03595268914081419,-0.12210005612052549
723,-0.03588867545818963,-0.12211207396214006
724,-0.03583941376724518,-0.12210167928160223
725,-0.03579568093788985,-0.12206718442136866
726,-0.03576192370844647,-0.1220693235541784
727,-0.03568385317292874,-0.12204451391334976
728,-0.03566128982786931,-0.12203457070807833
729,-0.03559329522157298,-0.12205067332591252
730,-0.03549274375435716,-0.12204004215833039
731,-0.035393539566439786,-0.12204983487184638
732,-0.03535416031247707,-0.12205394114688821
733,-0.03530219331336684,-0.12204654555204848
734,-0.03523306641914948,-0.12203486094217815
735,-0.03515339061468042,-0.1220551988279874
736,-0.0351073609607764,-0.12202613242036148
737,-0.035066673842601086,-0.12202320858054112
738,-0.03503886112474316,-0.12202635815799467
739,-0.03500554104443385,-0.1220226496111637
740,-0.034930670297249944,-0.1220256379474507
741,-0.0348739054072338,-0.12204851269428056
742,-0.03479094740106957,-0.12201353411054729
743,-0.03476468262112901,-0.12199762498211297
744,-0.03473494573044324,-0.12198545664874295
745,-0.034647759560523225,-0.12199350795766005
746,-0.034581302142575404,-0.12198698306511976
747,-0.03456268388929148,-0.12197857702563623
748,-0.03451532487203713,-0.12198394098177726
749,-0.034406625231617374,-0.12195391787656305
750,-0.034383051427084095,-0.12195115527790926
751,-0.03435101054547039,-0.12192439999367075
752,-0.03423750943095509,-0.12187616738604592
753,-0.03416552315141814,-0.12185231444280556
754,-0.03410735723425919,-0.12188021991403222
755,-0.03406932525959492,-0.12185587249788107
756,-0.03404351554473655,-0.12187287806624802
757,-0.03402220631604535,-0.12186256938099903
758,-0.03395890210496624,-0.12185837711066837
759,-0.033895515480525794,-0.12184930460769637
760,-0.03385717176836427,-0.1218514007428617
761,-0.033812116742037865,-0.12188987288520385
762,-0.033743050762044105,-0.12187450122732477
763,-0.03367036217734094,-0.12187632862721248
764,-0.033637687071163866,-0.12189474236843409
765,-0.0335516188564064,-0.12184603678672068
766,-0.03350650649904601,-0.12182633311616656
767,-0.033452722822796654,-0.12179072031717815
768,-0.03338304770056689,-0.12178404493288239
769,-0.03333052889025464,-0.12177087690427968
770,-0.0333012076495652,-0.12175357035240181
771,-0.03328188350792544,-0.12176344906120663
772,-0.033218468217968006,-0.12179624551448573
773,-0.03310814539264879,-0.12181626091796187
774,-0.033027451962326634,-0.12177071566311311
775,-0.03294435421176708,-0.12175552674522279
776,-0.03292061916370074,-0.12176450250349485
777,-0.03288567948168159,-0.12177671383450929
778,-0.03280447723843289,-0.12177230657595654
779,-0.03272169122537059,-0.12177449945582182
780,-0.03270540204534197,-0.12176143892133014
781,-0.03263235514167645,-0.1217479914080387
782,-0.03259831842344243,-0.12173554358997997
783,-0.03254088347696668,-0.1217406925578989
784,-0.032450906002329936,-0.12169597500770518
785,-0.03237555152454685,-0.12171129291852875
786,-0.03231200007338372,-0.12167619609127334
787,-0.032279622371945406,-0.12165197766805544
788,-0.03221551552639062,-0.12163742296542027
789,-0.032166612154408525,-0.12162245978516313
790,-0.032157353192421294,-0.12161993367355363
791,-0.03211228383333639,-0.12158550330978668
792,-0.032020339187596315,-0.12152909040031151
793,-0.03195345537008329,-0.12150319506896134
794,-0.031892218659416965,-0.12153642149868461
795,-0.03184523229388347,-0.12152916564618924
796,-0.03176659561440522,-0.12149063975679156
797,-0.03172695120441036,-0.12150783881455839
798,-0.031673300106177076,-0.12148143826088631
799,-0.03162663622770969,-0.12151355750126586
800,-0.03154070417415792,-0.12150614040760391
801,-0.031437282572053644,-0.12149536949767743
802,-0.03141519220802451,-0.12150166865258454
803,-0.031370782155830335,-0.12148780191226004
804,-0.0313386301953383,-0.12149318736722327
805,-0.03131392410288398,-0.12148826413693752
806,-0.031305994504247085,-0.12148004083744277
807,-0.031280539525161445,-0.12148904884394814
808,-0.031228117460969033,-0.1214712908168039
809,-0.03115837425813642,-0.12148668397350519
810,-0.031061187405977103,-0.12145253309442695
811,-0.031024782199401923,-0.12143362488029456
812,-0.03092056512920122,-0.12141445868029566
813,-0.030862191387044102,-0.12137862014367405
814,-0.030806462038829162,-0.1213941315438975
815,-0.03075462403454539,-0.12139824856835044
816,-0.030702180471215236,-0.12143129225808494
817,-0.030646555035499377,-0.12150825804159145
818,-0.03059864062385338,-0.12151082715084537
819,-0.030551192026858444,-0.12151374024125462
820,-0.030497630508365743,-0.12153391688589732
821,-0.030467800454749762,-0.12151082715084537
822,-0.03044438431055992,-0.12149705715522081
823,-0.030420728092665297,-0.1214932518636899
824,-0.030386376053744404,-0.12148508231125066
825,-0.030344234160581934,-0.12148434060188447
826,-0.03030928372899391,-0.121473569691958
827,-0.030275977981443093,-0.12147757922229989
828,-0.03020160171442724,-0.12147139831091494
829,-0.030175379932762165,-0.1214798903456873
830,-0.030149885538590666,-0.121483674138396
831,-0.03013303379779115,-0.12148014833155381
832,-0.030097183985607616,-0.12146327175612011
833,-0.030056738732731892,-0.12144394431495464
834,-0.030034969064174067,-0.12145751007176823
835,-0.029992988414544654,-0.12140935271002114
836,-0.02997189059404124,-0.12140694484193378
837,-0.029924008431101858,-0.12142312270564569
838,-0.02989269672857654,-0.12140550442084581
839,-0.02983951681977875,-0.12139480875679706
840,-0.029795604830942245,-0.12140940645707665
841,-0.02968789415085859,-0.12138639196790244
842,-0.02966307697952594,-0.12136174356824035
843,-0.029623674434830667,-0.1213504781854031
844,-0.029613390680611102,-0.12134153467536435
845,-0.02958119213865396,-0.121335106527524
846,-0.029544917718500038,-0.12134658689858335
847,-0.029530061814320833,-0.12134629666448353
848,-0.02944384310559918,-0.12133955678372116
849,-0.029398066066563623,-0.12134926350194832
850,-0.02933877323626807,-0.12134641490800568
851,-0.029300470730787224,-0.121332838401781
852,-0.02924748073103948,-0.12131186630071658
853,-0.029209068938275115,-0.12131994985786698
854,-0.02919327065522492,-0.12132719496095126
855,-0.029152936481227527,-0.12131628430868044
856,-0.029096510202630807,-0.12133047353133807
857,-0.02906681989341014,-0.1213240238846755
858,-0.029051132689238278,-0.1213146718970148
859,-0.029017997143194578,-0.12133414982993572
860,-0.028968842947938833,-0.12133015104900494
861,-0.02891387681911371,-0.1213215085224771
862,-0.028833532749779848,-0.12135618612269945
863,-0.028785904993303735,-0.12135909921310871
864,-0.028755632415769245,-0.12135670209443246
865,-0.028701768117753358,-0.12133984701782098
866,-0.028661002169406327,-0.12131825145091252
867,-0.02860874672353141,-0.1212869706645991
868,-0.028587043343981617,-0.12128044577205882
869,-0.02850735858153849,-0.1212841543188898
870,-0.028457777986717545,-0.12131686477688006
871,-0.028413321353058265,-0.12130323452359985
872,-0.0283472688355379,-0.12128583122702206
873,-0.028306818207877744,-0.121302836795389
874,-0.0282719107745652,-0.12130982391260677
875,-0.02824158444918636,-0.12129959047323552
876,-0.02820038493489488,-0.12130523391406525
877,-0.0281750911993423,-0.12129715035691485
878,-0.02814678220972151,-0.12130571763756494
879,-0.0280997331383696,-0.12132361540705354
880,-0.02803298906525189,-0.12132090655545527
881,-0.028010715958551955,-0.12133040903487144
882,-0.027904662503669186,-0.12137312719459976
883,-0.02786361885812633,-0.12136567785270452
884,-0.02782798403732021,-0.12135318703700136
885,-0.027814097385934176,-0.1213421581412084
886,-0.027777045413631945,-0.1213134142159156
887,-0.027749073243835767,-0.1212970213639816
888,-0.027650128837166103,-0.12134996221367009
889,-0.02761527873488754,-0.12138522028209206
890,-0.027582372512979746,-0.12141414694737364
891,-0.027560276774166177,-0.12142677750542115
892,-0.027530982407398912,-0.12142020961523643
893,-0.027460755473967122,-0.12139271262163173
894,-0.027414245672653555,-0.12134802731967131
895,-0.02733280335570008,-0.12129557019348253
896,-0.027320930456882477,-0.12130907145382948
897,-0.02730034324090042,-0.12133747139796694
898,-0.02723876791881467,-0.12133422507581344
899,-0.027207320055083657,-0.12134478099751783
900,-0.027189794674634917,-0.12135058567951414
901,-0.0271693507862378,-0.12134682338562765
902,-0.027131184441962646,-0.12133946003902123
903,-0.02707483161875321,-0.12133121524070425
904,-0.027008625024079035,-0.12133534301456829
905,-0.02697552530993157,-0.1213512628924137
906,-0.02693981882533298,-0.12134838205023776
907,-0.02691715515096408,-0.12134653315152782
908,-0.026903848976297058,-0.12135622912034387
909,-0.026878465661003888,-0.12134501748456213
910,-0.026861545839601528,-0.12135583139213302
911,-0.02681651589560248,-0.12134858628904874
912,-0.026717696900569642,-0.12133490228871302
913,-0.026700004901803406,-0.1213462214186058
914,-0.02664772258200631,-0.1213167035357135
915,-0.026629030873335107,-0.12131258651126056
916,-0.026613868606443093,-0.12131716576039098
917,-0.026580573608461142,-0.12129471024059418
918,-0.026539854241579217,-0.12129219487839578
919,-0.026485538461670764,-0.12131109234311707
920,-0.02646504620021373,-0.12131630580750265
921,-0.02644267455579915,-0.12132529231518581
922,-0.026408048402872055,-0.12131172655837223
923,-0.026386821587542197,-0.12131462889937038
924,-0.026366766475219235,-0.12131793971799049
925,-0.026336151703075697,-0.12133674043801185
926,-0.02626054640201897,-0.12133370910408044
927,-0.026212694696191384,-0.1212814132190582
928,-0.026187144762580723,-0.12125833423341735
929,-0.026125633937908198,-0.12127363064541873
930,-0.02610670932191146,-0.1213071365598307
931,-0.026085151061541426,-0.12130583588108709
932,-0.02605201014071329,-0.12129660213694853
933,-0.02602749574890383,-0.12131008189847327
934,-0.02598826878050011,-0.12133120449129314
935,-0.025963568062830227,-0.12130672808220874
936,-0.025947497457368643,-0.12131093110195051
937,-0.02591695972380201,-0.12131654229454694
938,-0.025882536021088646,-0.1213252815657747
939,-0.02582828653018823,-0.12129287209129536
940,-0.025791970903353636,-0.12128545499763341
941,-0.02572767594034362,-0.12127638249466141
942,-0.025714113567618515,-0.12127672647581675
943,-0.025690985870193365,-0.12129380729006142
944,-0.025676708651138365,-0.12130400848119936
945,-0.02562142182684193,-0.12133964277900999
946,-0.025613734093504623,-0.12133574074277914
947,-0.02559173151762127,-0.12133666519213411
948,-0.025568578737868754,-0.12133127973717088
949,-0.025529616925497173,-0.12131276925124934
950,-0.025514230709253686,-0.12130572838697605
951,-0.02545626903390328,-0.1213113825772169
952,-0.025444428383792288,-0.12131108159370597
953,-0.02542024722861782,-0.12127360914659652
954,-0.025401990877485875,-0.1212662780482234
955,-0.02537876643394089,-0.12125854922163944
956,-0.02536206339551075,-0.12126453664362452
957,-0.025328408286971638,-0.121283659845979
958,-0.025291184321567475,-0.12127101853852039
959,-0.02526905275085767,-0.12127753268164956
960,-0.025225486539819843,-0.12126696601053408
961,-0.025157554639341932,-0.12127110453380922
962,-0.025150244932509908,-0.12127541504766202
963,-0.025117292129137006,-0.12126152680851532
964,-0.025087422660435166,-0.12127067455736505
965,-0.02507102598471784,-0.12126045186740489
966,-0.025032076713509942,-0.12129784906863662
967,-0.024992013070329125,-0.12127193223846425
968,-0.024969270565788508,-0.12123543798776527
969,-0.02492464373062211,-0.12123277213381142
970,-0.02488789632943788,-0.12124790730464623
971,-0.02487339695262622,-0.12123380407727744
972,-0.02482677428083951,-0.12122775215882572
973,-0.024805611962922875,-0.12121396066437896
974,-0.024755298605823917,-0.12118066973818906
975,-0.024724183978727894,-0.12118047624878919
976,-0.02464386857491102,-0.12115508613976092
977,-0.02462520732335162,-0.12115282876342902
978,-0.024602085000710906,-0.12115598909029368
979,-0.024563519130792726,-0.12116032110296869
980,-0.024513676963129265,-0.12120639307896157
981,-0.024498491405504697,-0.12120050240167643
982,-0.024454697661925772,-0.12121032736342573
983,-0.024414130580602846,-0.12119706259012306
984,-0.024391741020240148,-0.12119974994289913
985,-0.024331333817971673,-0.12115087237060805
986,-0.02430226340055588,-0.12114327253695734
987,-0.02424890970706135,-0.12116949035064063
988,-0.02422288500082557,-0.12116293320986703
989,-0.024163382553937036,-0.12111613027391907
990,-0.024137128523565348,-0.12111126079068885
991,-0.024102645698223197,-0.12110216678889464
992,-0.024091666805216665,-0.12109240632361197
993,-0.02408206027383595,-0.1211010488501398
994,-0.024009523974691787,-0.12112060202893844
995,-0.023985122453355472,-0.12113089996477633
996,-0.023942065055244183,-0.1211275246496896
997,-0.023916049306982462,-0.12113618867503963
998,-0.02387053742397905,-0.12111522732338631
999,-0.023854049376926322,-0.12112370860874758
1000,-0.02382363347180689,-0.12113025500011007
1001,-0.023803259455607434,-0.12114507843802286
1002,-0.02376700295140163,-0.12113311434346381
1003,-0.023747359905885376,-0.1211247728004469
1004,-0.02371780217468078,-0.12110126383836188
1005,-0.023686035407073272,-0.12112898656959976
1006,-0.02367188718284472,-0.12114921696129799
1007,-0.023635387021744513,-0.12117836936421275
1008,-0.02358894350943898,-0.1211578379890036
1009,-0.023569196551423643,-0.12114260607346887
1010,-0.023523890701823584,-0.12115393595277277
1011,-0.02350429782096206,-0.12115441967627245
1012,-0.023488091054294783,-0.1211651045909101
1013,-0.02346081402328557,-0.12116088007234611
1014,-0.023436262007985067,-0.12114387450397918
1015,-0.02338881341099013,-0.12115366721749515
1016,-0.02334557864499248,-0.12114445497217881
1017,-0.023296069713964005,-0.12114865799192057
1018,-0.02325989383152473,-0.12115821421839226
1019,-0.023233985578951715,-0.12117629472786963
1020,-0.023197969148450685,-0.12115800997958127
1021,-0.023177197398203016,-0.12115246328345147
1022,-0.023146141893735782,-0.12113144818474264
1023,-0.02310772472618698,-0.12114035944654808
1024,-0.02309625851939165,-0.12115609658440472
1025,-0.02300312425469656,-0.12116241723813402
1026,-0.022982676783109817,-0.12116591079674291
1027,-0.022940321690164748,-0.12112923380605517
1028,-0.022903966648244293,-0.12113972523129293
1029,-0.02285881845898767,-0.12113490949511822
1030,-0.022828570963780544,-0.12113617792562852
1031,-0.022807951499091875,-0.1211620840063898
1032,-0.02279151361669388,-0.1211630944510336
1033,-0.022770946108254753,-0.12116163253112341
1034,-0.022751747378251815,-0.12115483890330551
1035,-0.022712034887654105,-0.121163857659222
1036,-0.0226902222208208,-0.12114829251194302
1037,-0.02266998794901666,-0.12111853814200643
1038,-0.022647937000073382,-0.12111908636197274
1039,-0.02260789485603031,-0.12113396354694105
1040,-0.022575336203515997,-0.12116086932293502
1041,-0.02256139580428561,-0.12116787793897499
1042,-0.022538585219142145,-0.12116278271811157
1043,-0.022521523861749652,-0.121180250511156
1044,-0.02249852515915095,-0.12118701189074058
1045,-0.022481472759732515,-0.12117812212775736
1046,-0.022446626240643575,-0.12117481130913724
1047,-0.022424154266919533,-0.12116366416982212
1048,-0.022376096527688596,-0.12119074193639376
1049,-0.022356116662347728,-0.12117260767986086
1050,-0.02233023528369689,-0.12118116421109985
1051,-0.022327703760227857,-0.12118133620167752
1052,-0.022305038294264144,-0.12117004932001806
1053,-0.022266975862488075,-0.12114870098956498
1054,-0.02225736753951255,-0.12115891293011403
1055,-0.022205158675102737,-0.12117289791396069
1056,-0.022163819416415938,-0.12121464862668964
1057,-0.022136719753293094,-0.12120716703656106
1058,-0.022077926777950025,-0.12117851985596821
1059,-0.022034835339537314,-0.12115776274312588
1060,-0.021990409162989836,-0.12116506159326568
1061,-0.021966821025698063,-0.12117301615748283
1062,-0.021912589450745763,-0.12117365037273797
1063,-0.021888209428547186,-0.12116702873549776
1064,-0.02187978714133705,-0.12116954409769615
1065,-0.021848041872867284,-0.12120338324385237
1066,-0.021798188955634953,-0.12120272752977501
1067,-0.021774887473513062,-0.12119316055389222
1068,-0.021735997324933955,-0.12120673706011689
1069,-0.021722612320095216,-0.12122265693796232
1070,-0.02167749100476077,-0.12121780895355429
1071,-0.021647114514727197,-0.12121762621356552
1072,-0.021616734441504,-0.1212231191626398
1073,-0.02159856587851783,-0.12122185073212949
1074,-0.021580818340312433,-0.12120141610162029
1075,-0.021553758092275447,-0.12120558687312874
1076,-0.02152363063392071,-0.12121441213964534
1077,-0.02150086483864754,-0.12123373958081081
1078,-0.021482153422433405,-0.1212286981070029
1079,-0.02143831847217381,-0.12120630708367273
1080,-0.021413933075190798,-0.1212158095630889
1081,-0.021394110870193366,-0.12121374567615688
1082,-0.021382836364042892,-0.12121376717497909
1083,-0.02134307191719564,-0.12124098468389508
1084,-0.021294618235511303,-0.12124772456465745
1085,-0.021253072943421148,-0.12124390852371544
1086,-0.021240847100425626,-0.12124540269185893
1087,-0.02119909577493212,-0.12125083114446658
1088,-0.021162717442279114,-0.12126059160974925
1089,-0.021116076854544287,-0.12129689237104835
1090,-0.021093176689660233,-0.12129861227682502
1091,-0.021030203923621302,-0.12128993750206389
1092,-0.02100641512771061,-0.1212831653730682
1093,-0.020985163230053387,-0.12128022003442564
1094,-0.02095472224260659,-0.12129641939695976
1095,-0.020940665389713436,-0.12129460274648314
1096,-0.020926549414191496,-0.12129563468994915
1097,-0.020887895756127543,-0.12128634719875506
1098,-0.020855788585505797,-0.12133438631698001
1099,-0.020843706070095214,-0.12133498828400185
1100,-0.020806806383351986,-0.12134738235500506
1101,-0.020771350722027043,-0.12136877368310255
1102,-0.020737485996894952,-0.12139369081804223
1103,-0.02069473675309129,-0.12141300750979658
1104,-0.020684139469779664,-0.1214342483461386
1105,-0.02064181125075677,-0.1214675500217396
1106,-0.020612226645629998,-0.12145813353761227
1107,-0.020585177147161883,-0.12145813353761227
1108,-0.020549024555455164,-0.12145768206234589
1109,-0.020504467592486423,-0.12146362648668656
1110,-0.020481058614675828,-0.1214771062482113
1111,-0.02045050296516108,-0.12143620473895958
1112,-0.020436847429505762,-0.1214587140058119
1113,-0.020406580226755705,-0.12147755772347768
1114,-0.020392406920199786,-0.12148342690194061
1115,-0.020378126117955163,-0.1214773427352556
1116,-0.020342050564825347,-0.12150002399268559
1117,-0.02031518918381247,-0.1214983255857311
1118,-0.020261229931271555,-0.121509139493302
1119,-0.020222307533985837,-0.1215248013852809
1120,-0.02017882194471454,-0.12152190979369386
1121,-0.020149541910705768,-0.12154994425785377
1122,-0.020115569689884972,-0.12153357290474198
1123,-0.020086121245963894,-0.12150791406043611
1124,-0.02006208700156399,-0.12152547859818048
1125,-0.020040245669213693,-0.12152724150160157
1126,-0.01997930098850169,-0.12152638154871323
1127,-0.01995377613721839,-0.12155674863508277
1128,-0.019919665963597087,-0.12157637705975916
1129,-0.019879084549515667,-0.12157931164899062
1130,-0.019844105452410655,-0.12157721551382529
1131,-0.019817274528509576,-0.12156294029587883
1132,-0.019796524277399648,-0.12157565684921517
1133,-0.019763499810234276,-0.12158141853356706
1134,-0.0197339599949778,-0.12162411519447319
1135,-0.019717645732621816,-0.12160079972178804
1136,-0.01970010422781977,-0.1216067441461287
1137,-0.01968874372511833,-0.1216299521247028
1138,-0.019669109637576135,-0.12161898772537645
1139,-0.01962800507780968,-0.12165576146076414
1140,-0.019573610467729506,-0.1216947818230726
1141,-0.019524062121615175,-0.12169137425975256
1142,-0.019514271055968847,-0.1216947818230726
1143,-0.019489337430973436,-0.12170834757988619
1144,-0.019477235208019923,-0.1217134213019274
1145,-0.019442784631384383,-0.1217373924886899
1146,-0.019409100857328283,-0.1217111316773622
1147,-0.019379480420305278,-0.12170330610607828
1148,-0.01933712174417058,-0.12171044371505152
1149,-0.019326402632411754,-0.1217169471087696
1150,-0.019302470508916123,-0.12172385898010964
1151,-0.01929020525083474,-0.12172246155666608
1152,-0.01926000254549791,-0.12168489236485669
1153,-0.019229987957616313,-0.1216975444217264
1154,-0.01919472220534142,-0.1217046067848219
1155,-0.019160139050689806,-0.12170371458370025
1156,-0.019116904284692156,-0.12171680736642523
1157,-0.01910185488827328,-0.1216929974208293
1158,-0.019090861662508257,-0.12170606870473208
1159,-0.019037624422676487,-0.1217015754508905
1160,-0.019027089845183275,-0.12170657392705397
1161,-0.019007016816912196,-0.12172083839558934
1162,-0.018993183913370515,-0.1217404345720324
1163,-0.018982566922515962,-0.12174135902138737
1164,-0.018962984791223308,-0.12174386363417466
1165,-0.018949300590051003,-0.12176001999906437
1166,-0.018935664761938614,-0.12175174295251409
1167,-0.018915976926552065,-0.12175249541129139
1168,-0.018890468199622073,-0.12176005224729769
1169,-0.01886963195196118,-0.12176637290102699
1170,-0.018854761715023483,-0.1217515387137031
1171,-0.018837506865391318,-0.12175295763596887
1172,-0.0188115681557065,-0.12175015203967066
1173,-0.0187913697157986,-0.12174024108263252
1174,-0.018763105516048102,-0.12174959307029323
1175,-0.01872253126834593,-0.12174690571751717
1176,-0.018684714285059075,-0.12175028103260391
1177,-0.018679595698681845,-0.12175687042161082
1178,-0.018665232483075878,-0.12175093674668128
1179,-0.018627385042677223,-0.12174728194690582
1180,-0.0185968491007054,-0.1217615894130856
1181,-0.01855459433706979,-0.1217734460135336
1182,-0.01853802387665572,-0.12177048992547992
1183,-0.018505536887933882,-0.12178920465021244
1184,-0.018491582155945,-0.12178438891403773
1185,-0.018450911162122993,-0.1218085213419668
1186,-0.018441121888071475,-0.12182272131403553
1187,-0.018422587839743706,-0.1218463485196427
1188,-0.018375963376362187,-0.12185091701936202
1189,-0.01834523035896107,-0.12182812826782098
1190,-0.018310143766167353,-0.12184661725492031
1191,-0.018288574756228443,-0.12182305454577977
1192,-0.01827717842163077,-0.12183770599311487
1193,-0.018256487293149628,-0.12184530582676559
1194,-0.01823694816013246,-0.12185757090483555
1195,-0.018222995219738386,-0.12185963479176756
1196,-0.018204389507618147,-0.12186294561038769
1197,-0.01818948881356865,-0.12187593089900163
1198,-0.018177359716692962,-0.12188383171616327
1199,-0.018124710119959454,-0.12186287036450995
1200,-0.018110515314265795,-0.12187836026591119
1201,-0.01809648533529482,-0.1218897116440373
1202,-0.01808733745218592,-0.1218627628703989
1203,-0.01807187957214996,-0.12187506019670219
1204,-0.018046865325388017,-0.12187141614633784
1205,-0.018020129356011962,-0.1218697929852611
1206,-0.017995618547392126,-0.1218692985123503
1207,-0.0179712922730379,-0.1218597207870564
1208,-0.01794946706504091,-0.12187098616989367
1209,-0.0179194041040994,-0.12185322814274943
1210,-0.01790282289411646,-0.12184932610651858
1211,-0.017873720227994057,-0.12192155139972811
1212,-0.017853000433995927,-0.12195260644840833
1213,-0.017823878060330593,-0.1219469737569897
1214,-0.017803828322792068,-0.12195893785154874
1215,-0.01778638535570467,-0.12196087274554751
1216,-0.017758253733970244,-0.1219891006991073
1217,-0.01773855335742001,-0.12200418212288658
1218,-0.01770381612561459,-0.12197027848026373
1219,-0.017675267062289023,-0.12197912524560255
1220,-0.01766209346563807,-0.12198375824178848
1221,-0.01763084088574154,-0.12199985011021157
1222,-0.017594500176579583,-0.12201339436820294
1223,-0.01757637640346371,-0.1220201127501431
1224,-0.0175412450207997,-0.12204324548283947
1225,-0.017500697647019704,-0.12205286620577778
1226,-0.01745910039868001,-0.12199271250123833
1227,-0.017433964323470868,-0.12199393793410422
1228,-0.017415946254448887,-0.12200098954778861
1229,-0.0173783227634017,-0.12199839893971248
1230,-0.017345615408518016,-0.12202065022069832
1231,-0.017306576557569533,-0.12203313028699035
1232,-0.017276621092316723,-0.12206799062720147
1233,-0.017256130622454503,-0.12207293535630943
1234,-0.017226694719697108,-0.12206413158861505
1235,-0.017216907237240404,-0.12207809507363948
1236,-0.017192717124091875,-0.12209146734105318
1237,-0.017156910310183827,-0.12207894427711673
1238,-0.017137865657334703,-0.12209138134576436
1239,-0.017127495906564174,-0.12209190806690846
1240,-0.01711274033169443,-0.12210866639882001
1241,-0.01710148911627651,-0.1221182118758806
1242,-0.01708506019185257,-0.12212145819803408
1243,-0.017072621149074447,-0.12213839926993439
1244,-0.01702549324755082,-0.12214498865894131
1245,-0.01700150558461602,-0.12213278807733798
1246,-0.016975774699929367,-0.12211756691121434
1247,-0.016933541435431496,-0.122138152033479
1248,-0.01690664422252238,-0.12212049075103469
1249,-0.016874139317852425,-0.12211131075395165
1250,-0.016858484362387172,-0.12211691119713698
1251,-0.01684608652628972,-0.12210877389293105
1252,-0.016844092481264217,-0.12211113876337398
1253,-0.0168188990750211,-0.12211432058906085
1254,-0.016780498031825603,-0.12212532798603161
1255,-0.016774850924978903,-0.12212977824222877
1256,-0.016729770816325127,-0.1221129339150284
1257,-0.016680439253183018,-0.12210837616472019
1258,-0.01664812425756311,-0.12211783564649194
1259,-0.016613929878985655,-0.12216727218816044
1260,-0.016593317580676233,-0.12218393377537205
1261,-0.016582413934651794,-0.12219486592646508
1262,-0.016545035892093822,-0.12219267304659981
1263,-0.016536855470183277,-0.12220067060846139
1264,-0.016527655630824832,-0.12221246271244277
1265,-0.016501482222219675,-0.12223052172309792
1266,-0.016475084864263044,-0.12225547110627091
1267,-0.01645666726959804,-0.12225831970021354
1268,-0.01644316939428616,-0.12225496588394902
1269,-0.016415028814577678,-0.12225326747699454
1270,-0.016406389744395317,-0.12226873587957357
1271,-0.016399384608681296,-0.1222725841687489
1272,-0.01637372180459749,-0.12227001505949497
1273,-0.01635389959960006,-0.12225337497110558
1274,-0.01634482338028363,-0.12226250122113311
1275,-0.01632906092912967,-0.12226813391255173
1276,-0.016320712097306816,-0.12225705126970324
1277,-0.0163103136810193,-0.12227641095910202
1278,-0.016293614225778786,-0.1223081539700929
1279,-0.016260227856461435,-0.12226304944109942
1280,-0.01624715996390438,-0.12227749664962355
1281,-0.01622592419060046,-0.12225570759331521
1282,-0.016198484124463383,-0.12226719871378566
1283,-0.016178061735204006,-0.12229033144648203
1284,-0.01616012607954337,-0.12232635272309242
1285,-0.01614453382989653,-0.12234009047048366
1286,-0.01611080168278051,-0.12236020261865974
1287,-0.016084793100898033,-0.12236712523941089
1288,-0.016077114325534783,-0.12235769800587244
1289,-0.016038197303033498,-0.12238032551624692
1290,-0.01602828261734516,-0.12237262893789627
1291,-0.01600560640181258,-0.1223752517942057
1292,-0.015972134035944264,-0.12236957610514265
1293,-0.015952114755517537,-0.12238014277625815
1294,-0.015934304511493726,-0.12239531019532626
1295,-0.015925914472990202,-0.12239711609639177
1296,-0.015919321404082885,-0.12240134061495575
1297,-0.015905936399244147,-0.12241000464030578
1298,-0.015893325363364092,-0.12241217602134885
1299,-0.015864317651766713,-0.12242960081674885
1300,-0.015844337786425845,-0.12243493252465656
1301,-0.015820953890942614,-0.1224309982401924
1302,-0.015781519097540726,-0.12248131623357146
1303,-0.01576735833214849,-0.1225008156653146
1304,-0.015754057532265907,-0.12250014920182613
1305,-0.015704743885071915,-0.12249142068000947
1306,-0.0156878921442724,-0.12250797477311003
1307,-0.015680890591748,-0.12250615812263341
1308,-0.01564475054120496,-0.12252843090244143
1309,-0.015622398604333308,-0.1225197561276803
1310,-0.01560624021072595,-0.12254607068606353
1311,-0.015595823878490313,-0.1225268077413647
1312,-0.015573837426960262,-0.12254535047551955
1313,-0.015534072980113011,-0.12254910201999494
1314,-0.015520066291874588,-0.12253595549021443
1315,-0.015505213970885008,-0.12253681544310277
1316,-0.01547398289012622,-0.12255872274293325
1317,-0.01546375467534582,-0.12256001267226577
1318,-0.015444564903316945,-0.12255592789604615
1319,-0.015423984853714134,-0.1225590882229108
1320,-0.015394941310220518,-0.12256361372498568
1321,-0.015372100267965252,-0.12255870124411104
1322,-0.015337658649303773,-0.12254885478353954
1323,-0.015308959092014017,-0.12252568980260986
1324,-0.015294753536751486,-0.12252558230849882
1325,-0.015271158233080465,-0.12254731761775163
1326,-0.015234190465734388,-0.12253901907237914
1327,-0.01519824390743102,-0.12256997737635941
1328,-0.01518622409783885,-0.12256167883098693
1329,-0.015176934678739817,-0.12256835421528267
1330,-0.015153747858685881,-0.12256632257658397
1331,-0.01512998951988699,-0.12256991287989279
1332,-0.015113268565508733,-0.12256478541079606
1333,-0.015093184787668782,-0.12258539203188293
1334,-0.015062430271129926,-0.12257536283132264
1335,-0.015048763985905739,-0.12259446453485492
1336,-0.01503445810133375,-0.12261363073485382
1337,-0.015017002593082666,-0.1226244231436025
1338,-0.015005593717321311,-0.12264128896962509
1339,-0.014970495479161315,-0.12266320701886668
1340,-0.014963969595059442,-0.12265801505330332
1341,-0.014958361007501192,-0.12267279549357168
1342,-0.01493323568186092,-0.12269639045094553
1343,-0.014909033027548708,-0.12271687882851026
1344,-0.014892773408834483,-0.12274379535391533
1345,-0.01487482610780757,-0.12273571179676493
1346,-0.014867577315199144,-0.12273117554527893
1347,-0.014851882048850627,-0.12274450481504821
1348,-0.014836307715151905,-0.12274537551734765
1349,-0.014817985075011924,-0.12276063968111571
1350,-0.014789164585072375,-0.1227502664994001
1351,-0.01478138010561523,-0.12274507453383673
1352,-0.014772134580589088,-0.12275928525531657
1353,-0.014763955054475949,-0.12276453096793545
1354,-0.01475639989915471,-0.12275975822940516
1355,-0.014741353190128054,-0.12275498549087487
1356,-0.014708246309601342,-0.122789125620542
1357,-0.014698504512812339,-0.12278462161728931
1358,-0.014674635990932524,-0.12279225369917335
1359,-0.014663236073145226,-0.12281015146866193
1360,-0.014643011655112552,-0.12283868040573265
1361,-0.014633607573945568,-0.12282765150993968
1362,-0.014623734094937899,-0.12282792024521728
1363,-0.014610979731472903,-0.1228435928866073
1364,-0.014578608300616424,-0.12284126026439768
1365,-0.014566694195118147,-0.12285994274089689
1366,-0.01453467929162921,-0.12285700815166542
1367,-0.014514880377364332,-0.12288233376422707
1368,-0.014498500721797718,-0.12288943912496698
1369,-0.014486734422871413,-0.1229278252720203
1370,-0.014472726838835584,-0.12292963117308581
1371,-0.014456183252343692,-0.12293428566809396
1372,-0.014438794928898052,-0.12290453129815736
1373,-0.014413729621683974,-0.1229394238866018
1374,-0.014399037648430047,-0.122948517888396
1375,-0.014379399977698227,-0.12295905231127818
1376,-0.014367739382865818,-0.12296473874975233
1377,-0.014337423807055844,-0.12298855944475938
1378,-0.01432791312599756,-0.12298740925777123
1379,-0.014314159948425002,-0.1229944178738112
1380,-0.014297673692967087,-0.12300596274133718
1381,-0.014283351684041792,-0.1230002333052186
1382,-0.014267229122330667,-0.12300584449781503
1383,-0.014245623384698118,-0.12299320319035642
1384,-0.014214619836480424,-0.12301260587739961
1385,-0.014194828088594793,-0.12302135589803848
1386,-0.014179745547671901,-0.12305853811104812
1387,-0.01417460994114396,-0.1230642890459889
1388,-0.014152570637566962,-0.12309139906079386
1389,-0.014150270229828649,-0.12309839692742273
1390,-0.01413501927899345,-0.1230973004874901
1391,-0.014118546460496624,-0.1231096838090822
1392,-0.014091340197482479,-0.12313151586303496
1393,-0.014052388238882366,-0.12311437055232366
1394,-0.014036913338695696,-0.12312473298462817
1395,-0.014023616122002733,-0.12313861047436377
1396,-0.014012900593433533,-0.12316292564228161
1397,-0.013993884606101398,-0.12317484673919624
1398,-0.01397486503557964,-0.12318872422893185
1399,-0.013957958651138365,-0.12319646380492691
1400,-0.013942943295020915,-0.12319434617093937
1401,-0.013920369200392604,-0.12322781983711804
1402,-0.01390491669514108,-0.12322964723700577
1403,-0.013898607594011429,-0.12323120590161589
1404,-0.0138897293459217,-0.12323596789073507
1405,-0.01385538536917746,-0.12327359082959999
1406,-0.013834715739834061,-0.12328503895242603
1407,-0.01381726650216482,-0.12331177273784233
1408,-0.013808357796963289,-0.12331834062802703
1409,-0.013795564914209841,-0.12332233940895782
1410,-0.013789294332368644,-0.12331033231675435
1411,-0.013781215135564963,-0.12331831912920482
1412,-0.013773055316994753,-0.12331389037182987
1413,-0.013763785605438651,-0.12332069474905887
1414,-0.013747052109896712,-0.12334212907480077
1415,-0.01372071208297406,-0.12335815644675723
1416,-0.013693940281701768,-0.12336449859930873
1417,-0.013688952481745799,-0.12336261745236549
1418,-0.013660682011413463,-0.12335272799414956
1419,-0.0136421336303272,-0.12338697561792775
1420,-0.01361583839327484,-0.12339789701960968
1421,-0.013596284927499175,-0.12340804446369211
1422,-0.01357575145936147,-0.1234072705060926
1423,-0.013570139288613598,-0.12341807366425238
1424,-0.013539584534896254,-0.12344473220379094
1425,-0.013528966648244295,-0.12346695123654346
1426,-0.01349498726104425,-0.12350603609531856
1427,-0.013487177699259742,-0.1235086482022169
1428,-0.013479864409238094,-0.12350823972459493
1429,-0.013468384765481673,-0.12351921487333238
1430,-0.013434136639059863,-0.1235170219934671
1431,-0.013425414259718757,-0.1235258257611615
1432,-0.013422368548538746,-0.12353626343934374
1433,-0.013414524946452814,-0.12355016242790155
1434,-0.013410133747569164,-0.12355048491023468
1435,-0.013392799171967876,-0.12353925177563073
1436,-0.013388106985155848,-0.12354016547557459
1437,-0.013375793354014549,-0.12354204662251783
1438,-0.01336946633693678,-0.12354556167994893
1439,-0.01336338566414563,-0.12354358378830574
1440,-0.013356727202027683,-0.1235384455697979
1441,-0.013337994286675809,-0.12352313840838544
1442,-0.0133284191082043,-0.12350871269868352
1443,-0.013304705559275702,-0.12353209266783528
1444,-0.013290929986767997,-0.1235535699912216
1445,-0.01328205084288086,-0.12355301102184418
1446,-0.013268534155823457,-0.1235873661397334
1447,-0.013240198292280491,-0.12361846418605803
1448,-0.013233922335654858,-0.12362637575263077
1449,-0.013218440269088942,-0.12361575533445976
1450,-0.013205598117478169,-0.12362381739278795
1451,-0.013186604525081181,-0.12362113004001189
1452,-0.013173858223792839,-0.12362246296698881
1453,-0.01314821154406234,-0.12364322007983114
1454,-0.013127959356310084,-0.12365955918470962
1455,-0.013107475157029702,-0.12369940725167312
1456,-0.013095123006599948,-0.123704136992559
1457,-0.01307067400800112,-0.12369283936148842
1458,-0.013056660153383448,-0.12369113020512285
1459,-0.013038915302570266,-0.12372091682329275
1460,-0.01302454312899024,-0.12370644811594642
1461,-0.013017833606420158,-0.1237321177096634
1462,-0.012996465255100169,-0.12375320805424996
1463,-0.012987328121560138,-0.12378701495217286
1464,-0.012980532602439091,-0.12378800389799445
1465,-0.012968372152654197,-0.12379843082676559
1466,-0.012960565278261907,-0.1238045257428617
1467,-0.012944751766655813,-0.12381927393489675
1468,-0.012939179906791205,-0.12381324351526726
1469,-0.012930461110639722,-0.12381485592693289
1470,-0.012917617167434139,-0.12382641154386997
1471,-0.012903493129735544,-0.12380959946490291
1472,-0.012880809747823714,-0.12381240506120113
1473,-0.01287379834152785,-0.12380517070752796
1474,-0.012856722651376861,-0.12381986515250748
1475,-0.012850340094859929,-0.12382457339457115
1476,-0.01283928685066871,-0.12381539339748811
1477,-0.012822470941765429,-0.12380494496989478
1478,-0.012814227814036471,-0.12380242960769637
1479,-0.012800771145405261,-0.12380438600051735
1480,-0.012783185746530326,-0.12379857056910994
1481,-0.012766240842800598,-0.12381417871403333
1482,-0.012753285820716683,-0.12383029208127862
1483,-0.012744814264649226,-0.12382640079445888
1484,-0.012734782229500715,-0.12382527210629293
1485,-0.012727781572773721,-0.12384110598884951
1486,-0.012718828077701897,-0.1238481791013561
1487,-0.012703817200571475,-0.12382071435598473
1488,-0.01269763351107865,-0.12382694901442519
1489,-0.01267295160515429,-0.12381517840926602
1490,-0.012649009627887191,-0.12381978990662976
1491,-0.012642973744966335,-0.12383572053388626
1492,-0.012636375301274583,-0.12383468859042027
1493,-0.012599351098691935,-0.12385832654543853
1494,-0.012583503546784417,-0.12383844013489564
1495,-0.01257233026574081,-0.12382869041902408
1496,-0.012549017138252641,-0.12381254480354548
1497,-0.01254386451157399,-0.1238092877319809
1498,-0.012529312282715381,-0.12382732524381385
1499,-0.012521938078470133,-0.12382557308980385
1500,-0.012515093290491762,-0.12381755402912006
1501,-0.012509499931489414,-0.12382964711661236
1502,-0.012496355000355452,-0.12384045027477214
1503,-0.012476548023913922,-0.12382655128621434
1504,-0.01245753114078438,-0.12385136092704298
1505,-0.01245497543078539,-0.12385037198122138
1506,-0.012441431869805808,-0.12386372274981287
1507,-0.012420448711370349,-0.12384013854185012
1508,-0.012406253905676689,-0.12384219167937104
1509,-0.012396332053609103,-0.1238481576025339
1510,-0.012380003458494625,-0.1238428366440373
1511,-0.01236117021383329,-0.12384627645559065
1512,-0.012346595590039535,-0.12384580348150206
1513,-0.01234415633370331,-0.1238473621461122
1514,-0.012319321246422543,-0.12386888246714292
1515,-0.012309553471508769,-0.12390068997460044
1516,-0.01228491725125211,-0.1238900158093739
1517,-0.01227063734480489,-0.12386564689440054
1518,-0.012254425203353177,-0.1238655286508784
1519,-0.012242610531366955,-0.12386476544268998
1520,-0.012224158896400529,-0.12390924650583943
1521,-0.012203788463390696,-0.12391495444313579
1522,-0.012198108212039975,-0.12392970263517084
1523,-0.012180987732018695,-0.12392299500264177
1524,-0.012161118049758751,-0.12395022326096887
1525,-0.01214688024578961,-0.12394354787667312
1526,-0.012128751993686706,-0.12395375981722218
1527,-0.012102558877538618,-0.12394753590819281
1528,-0.012089940675279317,-0.12396420824481552
1529,-0.012078100025168324,-0.12396561641767018
1530,-0.012049628896217069,-0.12395448002776616
1531,-0.01203463503923736,-0.12394412834487276
1532,-0.012008549418777978,-0.12391616912659056
1533,-0.01200169119383852,-0.12392801497762747
1534,-0.01199094699975233,-0.12395040600095765
1535,-0.011985642983312082,-0.12395893028396332
1536,-0.011976598116904859,-0.12397717203460726
1537,-0.011968669414065367,-0.1239689487351125
1538,-0.011954396673997395,-0.12397194782081059
1539,-0.011942159185635595,-0.12401858951559198
1540,-0.011937543141603068,-0.12402006218491327
1541,-0.011926993335553955,-0.12402271728945602
1542,-0.011919937139387797,-0.12402642583628698
1543,-0.011914726285877761,-0.12402765126915287
1544,-0.011899287217587326,-0.12401503146051647
1545,-0.011889481819182505,-0.12400948476438667
1546,-0.011877302557652087,-0.12398967359972152
1547,-0.011867432661834043,-0.12400802284447648
1548,-0.011851521508310706,-0.12402365248822209
1549,-0.011841688340186302,-0.1240062921892887
1550,-0.011829239443636714,-0.12403185428889464
1551,-0.011811402325690725,-0.12402813499265256
1552,-0.011777860087624752,-0.12403913164021223
1553,-0.01177181703832465,-0.12403859416965701
1554,-0.011749952415241799,-0.12405499777100211
1555,-0.011742500276622238,-0.12403691726152474
1556,-0.011736484997041718,-0.12405452479691352
1557,-0.011730400741060945,-0.12405113873241569
1558,-0.011716417343555075,-0.12406614491031723
1559,-0.011705244062511467,-0.12406114643415375
1560,-0.011696670385539737,-0.1240877619760479
1561,-0.011687707036696448,-0.12410067201878412
1562,-0.01166241957172571,-0.12409624326140917
1563,-0.011649521880675773,-0.12412366500913614
1564,-0.011629195341738827,-0.12409870487655204
1565,-0.011624313245876752,-0.12411244262394329
1566,-0.011603785152523484,-0.1241513124944963
1567,-0.011590724426345674,-0.12415028055103029
1568,-0.011579300322028419,-0.12417541267419206
1569,-0.011571617067678138,-0.12418476466185277
1570,-0.011552486418278052,-0.12418845170986152
1571,-0.011535256650973252,-0.1241999750785653
1572,-0.011530189125048157,-0.12420179172904192
1573,-0.01152471311550598,-0.12421249814250176
1574,-0.011502594085959859,-0.12422058169965217
1575,-0.011480974015568815,-0.1242481646885457
1576,-0.011472409296571145,-0.12423258879185563
1577,-0.011455918562126202,-0.12426365458994694
1578,-0.011441514139839565,-0.12428351950166762
1579,-0.011424682106582979,-0.12429775172196966
1580,-0.011418334486164874,-0.12431032853296164
1581,-0.011401518577261594,-0.12433807276302175
1582,-0.011393468045974903,-0.12433969592409849
1583,-0.01137386172815229,-0.12433203159398115
1584,-0.011367917216566834,-0.12433644960194501
1585,-0.011360122883338226,-0.12434211454159695
1586,-0.011358763958673497,-0.12433730955483335
1587,-0.011349814046791296,-0.12433312803391379
1588,-0.011335432915237214,-0.12432385129213082
1589,-0.011322763652525776,-0.1243346544502906
1590,-0.011296394064288728,-0.12436401109201634
1591,-0.011283041308156602,-0.12436751540003632
1592,-0.01128061190559184,-0.12437261062089974
1593,-0.011274228453277501,-0.12438562815774701
1594,-0.011265978159169297,-0.1244125769313854
1595,-0.01125694672972316,-0.12440016136155997
1596,-0.011241141280293718,-0.12438575715068026
1597,-0.011226533511995946,-0.12440525658242339
1598,-0.01121250980360681,-0.12439633457120686
1599,-0.011181902197842519,-0.12438325253789297
1600,-0.011170848057853892,-0.12438919696223362
1601,-0.011159028906880641,-0.12436738640710307
1602,-0.011144052070051643,-0.12436288240385039
1603,-0.011139762096274859,-0.12435316493621214
1604,-0.011130154669096738,-0.12436183971097327
1605,-0.01111622949842225,-0.1243976997464171
1606,-0.011104046653702208,-0.12440557906475652
1607,-0.011097723219814065,-0.12440119330502598
1608,-0.01108201630809927,-0.12442661566228756
1609,-0.011070960376515832,-0.12444037490850102
1610,-0.01105805283169443,-0.12444492190939811
1611,-0.011055753319753522,-0.12445475762055852
1612,-0.011049761330905555,-0.12444528738937566
1613,-0.011046769367569898,-0.1244509200807943
1614,-0.011029522580114387,-0.12446350764119739
1615,-0.011012741607309936,-0.12447826658264353
1616,-0.011003991458249247,-0.12446503405757418
1617,-0.011001614907731433,-0.12446487281640763
1618,-0.010976580953426561,-0.12446111052252114
1619,-0.010970370390011558,-0.12446525979520738
1620,-0.010956816975260512,-0.12448215786946328
1621,-0.010945619507686945,-0.12448858601730363
1622,-0.010937082558408858,-0.1245076769714248
1623,-0.01092595496303295,-0.12449777676379777
1624,-0.010920676028920067,-0.12452217792700444
1625,-0.010908910625791168,-0.12452499427271377
1626,-0.010889374180166214,-0.12451593251915287
1627,-0.010879013387369744,-0.12453899000597152
1628,-0.010868503892203897,-0.12453940923300458
1629,-0.010861011442701072,-0.12454206433754733
1630,-0.010856671304269557,-0.12455377044623987
1631,-0.010845837530442779,-0.12456692772543149
1632,-0.010836308933436376,-0.12456717496188689
1633,-0.010820830450060083,-0.12456664824074277
1634,-0.010811629714904234,-0.12458308409032119
1635,-0.010794399947599434,-0.12459727331297882
1636,-0.01078873402900721,-0.12458905001348407
1637,-0.010775689427182707,-0.12461330068493527
1638,-0.0107718679554492,-0.1246128707084911
1639,-0.010762089430966555,-0.1246052816242515
1640,-0.010743085984798104,-0.12463062873563535
1641,-0.010738469940765575,-0.12463837906104153
1642,-0.010732848812043646,-0.12462938180394725
1643,-0.010717086360889685,-0.12463978723389618
1644,-0.010694841023909335,-0.12463712137994232
1645,-0.010683870193079457,-0.12464001297152937
1646,-0.010674922968589472,-0.12464067943501783
1647,-0.010669180011420342,-0.12463259587786743
1648,-0.010657854444817733,-0.12465375071892061
1649,-0.010639520159311477,-0.12465860945273974
1650,-0.010625667548226865,-0.12466120006081587
1651,-0.010611477221520236,-0.1246607808337828
1652,-0.010608176208079549,-0.12466315645363685
1653,-0.010593658019522363,-0.12464669910523622
1654,-0.010570396848283738,-0.12466666076165683
1655,-0.010566911300577438,-0.12466832692037799
1656,-0.010557278791071953,-0.12466415614886954
1657,-0.010543720001536472,-0.12467029406261007
1658,-0.010532958787299571,-0.12467036930848781
1659,-0.010520616490641283,-0.1246872351345104
1660,-0.010510483230385906,-0.12469393201762835
1661,-0.01050540764228416,-0.12469435124466141
1662,-0.010494908896687184,-0.12468662241807744
1663,-0.010487473778218334,-0.12468579471342242
1664,-0.01047835724801864,-0.12468403181000132
1665,-0.010466673362453676,-0.12468837457208744
1666,-0.01044990672240772,-0.12472006383602281
1667,-0.010423534446778454,-0.12472116027595544
1668,-0.010412803689653354,-0.12473756387730055
1669,-0.010403619974648217,-0.1247298995471832
1670,-0.010395014048969876,-0.12475439745508982
1671,-0.010384031572773721,-0.12478772062951303
1672,-0.010373556117909298,-0.12482507483310035
1673,-0.010356113150821898,-0.12478176545576126
1674,-0.010344577071828906,-0.12478063676759532
1675,-0.010324702910581933,-0.12479261161156548
1676,-0.010311712056601783,-0.12479801856535092
1677,-0.010305377873144768,-0.12481909816052637
1678,-0.010297724180108884,-0.12481748574886073
1679,-0.010293495120555699,-0.12482581654246654
1680,-0.010286057314694633,-0.12484394004958832
1681,-0.01028016028037169,-0.12484678864353095
1682,-0.010275631128687531,-0.12485751655581301
1683,-0.010268456687263797,-0.124863288989576
1684,-0.010259802388525538,-0.12485506569008123
1685,-0.010254923875853085,-0.12484544496714292
1686,-0.010236684544871854,-0.1248385975922695
1687,-0.010221928074204703,-0.1248577530428573
1688,-0.010218998816687459,-0.12486812622457291
1689,-0.010211323624513833,-0.12487874664274393
1690,-0.0102018057770763,-0.12488341188716318
1691,-0.010194772871642695,-0.12491320925474418
1692,-0.010177393506171112,-0.12489719263219884
1693,-0.010170752064203878,-0.12490850101268051
1694,-0.010165946111121303,-0.12493608400157406
1695,-0.010146148092653831,-0.12491339199473296
1696,-0.010137366590683936,-0.12493321390880922
1697,-0.01011203523164031,-0.12492380817409299
1698,-0.010098651122598976,-0.12494363008816925
1699,-0.010080359835368202,-0.12493624524274062
1700,-0.010064010636913388,-0.12495356254402959
1701,-0.010054021600040361,-0.12499828009422331
1702,-0.01003617194093069,-0.12498700396197494
1703,-0.010024644819911756,-0.12498973431239543
1704,-0.010020696144946613,-0.12500167690813227
1705,-0.010010478679735084,-0.1250327212074014
1706,-0.010004658683989047,-0.12504025654458545
1707,-0.00998315685885558,-0.1250537255566991
1708,-0.009971193484499982,-0.12505026424632354
1709,-0.009962513207636952,-0.12506142213504975
1710,-0.009954161688421883,-0.12506969918160005
1711,-0.009947820338585621,-0.12506744180526813
1712,-0.009940740851686908,-0.12506825876051206
1713,-0.009939945383590483,-0.12506338927728183
1714,-0.009922941357231966,-0.12504809286528046
1715,-0.009912172080818411,-0.12505855204228492
1716,-0.009901553298369047,-0.12504964078047948
1717,-0.009893323607601178,-0.12506341077610403
1718,-0.009880964290792178,-0.12506715157116832
1719,-0.009872701455520291,-0.12508109355737054
1720,-0.00985700260598215,-0.1250837916595577
1721,-0.009835017050249504,-0.12507253702613155
1722,-0.00982691725010549,-0.1250708493685882
1723,-0.009813665719080227,-0.12507973913157142
1724,-0.00980117919903959,-0.12508431838070183
1725,-0.009790297947950301,-0.12508437212775736
1726,-0.009785062907910307,-0.12508432913011294
1727,-0.009775253030518455,-0.1250852320806457
1728,-0.009758805294348995,-0.12506821576286764
1729,-0.00973442079316339,-0.12508177077027013
1730,-0.009722229886266694,-0.1250930469025185
1731,-0.009716606070152546,-0.1250918107202415
1732,-0.009707298735105398,-0.12510177542433515
1733,-0.00969691554737378,-0.1251173083233808
1734,-0.009684740764830392,-0.1251299281320172
1735,-0.0096800691813587,-0.12513547482814702
1736,-0.009671963110632844,-0.12515198592360316
1737,-0.009651582823851545,-0.12517687081030954
1738,-0.009635091193609195,-0.12522176035108093
1739,-0.009625436289168562,-0.12524974106818532
1740,-0.009617211973185128,-0.12526643490363024
1741,-0.009606833264440541,-0.12527790452527848
1742,-0.00958652105826209,-0.1253077126422706
1743,-0.00957839617579071,-0.12532897497743484
1744,-0.009561870505246936,-0.12535527878640695
1745,-0.009546340961418508,-0.12535678370396156
1746,-0.009538191892417168,-0.12535683745101708
1747,-0.00953587715192036,-0.12536207241422487
1748,-0.009532697071129467,-0.12538207706828988
1749,-0.009525404384448155,-0.1253830767635226
1750,-0.009515372349299644,-0.1254128418828703
1751,-0.009500695604601619,-0.12543663032964403
1752,-0.009482579893662399,-0.12544003789296407
1753,-0.009473673875853086,-0.12546953427703417
1754,-0.009468762218676617,-0.12547403828028686
1755,-0.009453785381847619,-0.12550565229834448
1756,-0.009444419819969086,-0.12551226318617362
1757,-0.0094380292012755,-0.12550884487344247
1758,-0.009433500049591344,-0.12551969102924665
1759,-0.009428480000928764,-0.12552800032403025
1760,-0.009422338413914013,-0.12552553870888739
1761,-0.00941110511444421,-0.12551767013995904
1762,-0.009398631135567256,-0.12551234918146245
1763,-0.009391318741343014,-0.12553949144450072
1764,-0.009387310943749083,-0.12555687324225628
1765,-0.009374620181899905,-0.12556431183474046
1766,-0.009371905915760072,-0.12557410454825643
1767,-0.009364630249229471,-0.1255818871218959
1768,-0.009361161721673882,-0.12558672435689283
1769,-0.009351994131022051,-0.12559209906244495
1770,-0.009346410625791168,-0.1255999891301955
1771,-0.0093436300706433,-0.12560069859132839
1772,-0.009325160519728756,-0.12561026556721117
1773,-0.009320078661045167,-0.12562029476777145
1774,-0.009314101004955694,-0.12562491701454628
1775,-0.009300637169945237,-0.1256453946426999
1776,-0.009295306279582813,-0.12564754452492075
1777,-0.009278984850847582,-0.12562657242385633
1778,-0.009270589437559625,-0.1256103300636778
1779,-0.009262558613815862,-0.1256020530171275
1780,-0.009256543334235342,-0.12560619154040265
1781,-0.0092440102327296,-0.12564557738268867
1782,-0.0092386067827773,-0.1256479960001871
1783,-0.009234351745099343,-0.12564459918627818
1784,-0.009228800488575072,-0.1256312914153311
1785,-0.009221699502538618,-0.1256421268217242
1786,-0.00921798910968344,-0.12562613169800105
1787,-0.009203153808844573,-0.12562528249452382
1788,-0.00920018244884925,-0.12562508900512395
1789,-0.009190540981369706,-0.1256635288992328
1790,-0.009169591863235672,-0.1256710964846502
1791,-0.009163070458120827,-0.12568527495789672
1792,-0.0091479977709694,-0.12569047767287117
1793,-0.009139784204554836,-0.125686747627218
1794,-0.009129488804968996,-0.12570144207219752
1795,-0.009114479719433386,-0.12569847523473274
1796,-0.009107136868097344,-0.12572603672480406
1797,-0.009098739663214573,-0.12573211014207797
1798,-0.009087919326348885,-0.12573809756406304
1799,-0.009076211254253962,-0.12575576959591847
1800,-0.00905813764579282,-0.12574236508027145
1801,-0.00904629609988442,-0.1257198020663636
1802,-0.00903764896752541,-0.12573288409967748
1803,-0.009032584128992533,-0.12574221458851598
1804,-0.009025016432507613,-0.12576835715632154
1805,-0.009019870972208207,-0.1257886627938975
1806,-0.009015978732479637,-0.12579372576652761
1807,-0.009006112419851215,-0.12581127955486088
1808,-0.009003692871057917,-0.12581927711672244
1809,-0.009001649557175093,-0.1258304995019153
1810,-0.008987022977131796,-0.12583698139681115
1811,-0.008974372526165885,-0.12586313471402782
1812,-0.00897134293933918,-0.125872121221711
1813,-0.00896610252451475,-0.1258779689013517
1814,-0.008946394981585271,-0.12590128437403686
1815,-0.008939397012250496,-0.1259107008581642
1816,-0.008934696763261816,-0.12594039073163416
1817,-0.008916426079371377,-0.1259543434672475
1818,-0.00890556364002761,-0.1259841300854174
1819,-0.00890212825697604,-0.12598829010751475
1820,-0.008895528917486883,-0.12597830390459888
1821,-0.008888395682743817,-0.12597728271054398
1822,-0.008886312953775134,-0.12598227043729637
1823,-0.008880462500917296,-0.12600243633252795
1824,-0.0088660948063243,-0.12597817491166563
1825,-0.00885457574748202,-0.12598735490874868
1826,-0.008848392057989195,-0.12598998851446921
1827,-0.008840716865815569,-0.12600460771357103
1828,-0.008825731966809918,-0.12601876468799533
1829,-0.008817570356644896,-0.12602609578636845
1830,-0.008804403926373192,-0.12603976903729305
1831,-0.008795110924084538,-0.12605037870605296
1832,-0.008789205827584941,-0.1260772199855803
1833,-0.00878139447420562,-0.1261056736767733
1834,-0.00876925283616625,-0.12611606835731112
1835,-0.008759541496489047,-0.1261407167569732
1836,-0.008753257477686762,-0.12614364059679353
1837,-0.00875027088913554,-0.1261482843423906
1838,-0.008745144240581659,-0.1261523153715547
1839,-0.008728786084152784,-0.12616323677323663
1840,-0.008719966062894437,-0.12616591337660157
1841,-0.00871181430650088,-0.12618457435427857
1842,-0.008704576263461326,-0.12618448835898974
1843,-0.008691048826835052,-0.12619859158635854
1844,-0.00868347933875532,-0.1262106416762064
1845,-0.008674426410171443,-0.12621008270682899
1846,-0.008662976327729416,-0.126236580005201
1847,-0.008645923032513577,-0.12625610093576634
1848,-0.008636861145955639,-0.1262421804483863
1849,-0.008627359422871413,-0.12626236784244013
1850,-0.008618187353232554,-0.12628197476829428
1851,-0.008613326756508218,-0.12628243699297179
1852,-0.008605389991492074,-0.12628539308102546
1853,-0.008601805906071127,-0.126302151412937
1854,-0.008582715567554303,-0.1263198234447924
1855,-0.008578626252396438,-0.12633589381439328
1856,-0.00857117590537169,-0.1263470624525306
1857,-0.008566490884938908,-0.12635637144254688
1858,-0.008560313466027923,-0.12635591996728052
1859,-0.008556339708735415,-0.12636560518668546
1860,-0.008548815906323384,-0.12637409722145782
1861,-0.008543758234169755,-0.12637787026475542
1862,-0.00853511826818999,-0.1264070334170813
1863,-0.008524527255460207,-0.1263874264912271
1864,-0.008521022896008383,-0.12638095534574234
1865,-0.008503959747021079,-0.12640587248068202
1866,-0.00849385783967491,-0.1264121823850002
1867,-0.008488779564180945,-0.12641425702134335
1868,-0.00847826738162288,-0.12642716706407955
1869,-0.008464914625490753,-0.12643899141629425
1870,-0.008461679005260696,-0.1264563087175832
1871,-0.008448199941694339,-0.1265125281376585
1872,-0.008428715452318925,-0.12652860925667048
1873,-0.00842395787229627,-0.12654799044489146
1874,-0.008418104732046213,-0.12657220886810938
1875,-0.008406576715229874,-0.1265939656761844
1876,-0.008397663531041315,-0.12658761277422179
1877,-0.008387285718094132,-0.12660446785083326
1878,-0.008384631470380495,-0.126604543096711
1879,-0.00837549075365084,-0.1266171414065252
1880,-0.008365448864730866,-0.12661219667741722
1881,-0.008358769799272584,-0.12660232871802352
1882,-0.008354070446081309,-0.12660517731196613
1883,-0.008344838358016254,-0.12662506372250903
1884,-0.008334989961335951,-0.12662509597074234
1885,-0.008316851855461584,-0.12663450170545856
1886,-0.008308599769758567,-0.12662671913181908
1887,-0.008292291777984424,-0.12663744704410113
1888,-0.008285999697005485,-0.1266436602037194
1889,-0.008279670888332905,-0.1266393711886888
1890,-0.008260561738070559,-0.12661762513002486
1891,-0.008256260118927498,-0.12661879681583524
1892,-0.00824666702450787,-0.12665041083389286
1893,-0.008237478830515704,-0.12666800761987054
1894,-0.00823089203219023,-0.12668909796445713
1895,-0.008228585353870074,-0.1266918390642887
1896,-0.008224503205091455,-0.12669190356075533
1897,-0.008218845348675882,-0.12670158878016027
1898,-0.00821484203006898,-0.12670965083848845
1899,-0.008208522179370459,-0.12670325493888143
1900,-0.008203632917129137,-0.12670007311319456
1901,-0.00819771080047883,-0.12670280346361504
1902,-0.008188370320927662,-0.12669376320887638
1903,-0.008182916706320632,-0.12670136304252708
1904,-0.008178774539115818,-0.12668516367999297
1905,-0.00816559825507265,-0.12668586239171473
1906,-0.00816070630543911,-0.12668891522446835
1907,-0.008151145459726096,-0.12668170236961737
1908,-0.008143877855372147,-0.12668815201627995
1909,-0.008136405113412251,-0.12668900121975718
1910,-0.008126131212964152,-0.12669820271566243
1911,-0.008120567415276198,-0.12670037409670548
1912,-0.008115972870381412,-0.12671785263916102
1913,-0.008106916358607911,-0.12675649677208084
1914,-0.008102040533327677,-0.12677349159103668
1915,-0.008096488381006,-0.12677211566641533
1916,-0.008086909619344867,-0.1267967748154885
1917,-0.00808284001172993,-0.1268156615307987
1918,-0.008075942371704612,-0.12681547879080993
1919,-0.008063052742831327,-0.1268290445476235
1920,-0.008058037173155775,-0.1268136728897444
1921,-0.008045487051499321,-0.12681732768951987
1922,-0.00804270291316183,-0.12683056021458922
1923,-0.008037981165035407,-0.12682540049725916
1924,-0.008028208911134604,-0.12681761792361967
1925,-0.00802231635579869,-0.12681658598015366
1926,-0.008018479655509283,-0.12680243975514047
1927,-0.008012587995970774,-0.12680800795009245
1928,-0.008000531458684963,-0.12678390777039672
1929,-0.007987771720435532,-0.126768783348973
1930,-0.007980470971577567,-0.12678355303983027
1931,-0.007970005370484607,-0.1267664829749967
1932,-0.007962988589404307,-0.1267616779882331
1933,-0.007958465708301993,-0.12676780515256253
1934,-0.0079502324343445,-0.12679090563702558
1935,-0.007941198317506146,-0.12682257340213873
1936,-0.007939017050822814,-0.12682497052081498
1937,-0.007932839631911829,-0.12682561548548124
1938,-0.007915852625704024,-0.1268326241015212
1939,-0.007902441642740515,-0.12686249671497996
1940,-0.007895502796034527,-0.12686723720527696
1941,-0.00788501927899345,-0.12686974181806424
1942,-0.007877427395978572,-0.126894357969493
1943,-0.00787301917694421,-0.12689013345092903
1944,-0.007853786406639852,-0.12689254131901637
1945,-0.007848142882982773,-0.1268958951352809
1946,-0.007844410095192449,-0.12691456686236902
1947,-0.00784134915545654,-0.12692801437566045
1948,-0.007831736353493983,-0.1269334643270903
1949,-0.00782682111312789,-0.12693217439775778
1950,-0.007820915120830886,-0.1269341952870454
1951,-0.007814149163024234,-0.12694566490869363
1952,-0.0078104781852549165,-0.12695872544318532
1953,-0.007802201017224536,-0.1269508246260237
1954,-0.007796437456715069,-0.12698711463791168
1955,-0.007788992484474756,-0.1270047651709449
1956,-0.00778585002717491,-0.12700865645776463
1957,-0.00778041164112378,-0.12702709169780843
1958,-0.007776496110662655,-0.12701682601020386
1959,-0.0077730177293356024,-0.12700829097778707
1960,-0.007770823025691183,-0.12701040861177462
1961,-0.007758624952415242,-0.12703068200111725
1962,-0.007755200318932542,-0.12705757702770012
1963,-0.007749912426845601,-0.1270809892450852
1964,-0.0077424826831611875,-0.12709221163027803
1965,-0.007735907530201988,-0.12710073591328372
1966,-0.00772276170327062,-0.12708081725450754
1967,-0.007717102055260237,-0.1270817094556292
1968,-0.007706612267637319,-0.1271009186532725
1969,-0.007705239010214097,-0.12710228382848274
1970,-0.0076977214783839065,-0.12709595242534233
1971,-0.00769466860082465,-0.12709845703812964
1972,-0.007687090154770859,-0.12711366745484215
1973,-0.007683496215578447,-0.1271147531453637
1974,-0.007676594096566101,-0.12710177860616084
1975,-0.007666937400530656,-0.12710170336028312
1976,-0.007661824188937862,-0.12710748654345722
1977,-0.007657504653846683,-0.12710956117980032
1978,-0.007646953952000165,-0.1271158388358852
1979,-0.007639565414996423,-0.12712349241659146
1980,-0.0076306638761741395,-0.1271251800741348
1981,-0.00762326817279115,-0.12714770009039825
1982,-0.0076182776854429625,-0.12716581284810893
1983,-0.00761479930411591,-0.1271733266864708
1984,-0.00761268074325099,-0.1271745091216923
1985,-0.00760302763040517,-0.12719384731226885
1986,-0.007599296634209657,-0.12719364307345787
1987,-0.007594990536079566,-0.1271939763052021
1988,-0.007585138556209639,-0.12721682955320976
1989,-0.0075773137658692305,-0.1272363504837751
1990,-0.007571715032082447,-0.12725582841669603
1991,-0.007565623609722426,-0.12725590366257375
1992,-0.007561881863958043,-0.1272633207562357
1993,-0.007550981801123229,-0.1272782731870817
1994,-0.0075457261577429,-0.1272611063775482
1995,-0.007534477629717197,-0.12727538159549467
1996,-0.0075321691598022305,-0.1273006427115897
1997,-0.007526447701770841,-0.1273109621462498
1998,-0.007520052604090225,-0.12731286479201523
1999,-0.007513297843751147,-0.12731826099638957
